account_id,is_employee,last_modified_date,last_access_date,reputation_change_year,reputation_change_quarter,reputation_change_month,reputation_change_week,reputation_change_day,reputation,creation_date,user_type,user_id,accept_rate,location,website_url,link,profile_image,display_name,badge_counts_bronze,badge_counts_silver,badge_counts_gold,country,insert_date
3465245,False,1654011000.0,1654167608,41170,16768,672,1407,291,729374,1382300846,registered,2901002,97.0,"Bratislava, Slovakia",,https://stackoverflow.com/users/2901002/jezrael,https://i.stack.imgur.com/hMDvl.jpg?s=256&g=1,jezrael,1089,1139,78,Slovakia,2022-05-26
4739783,False,1654167600.0,1654167540,29019,11921,290,763,135,561196,1405192634,registered,3832970,,"Warsaw, Poland",,https://stackoverflow.com/users/3832970/wiktor-stribi%c5%bcew,https://i.stack.imgur.com/IFOp5.jpg?s=256&g=1,Wiktor Stribiżew,476,376,34,Poland,2022-05-26
99309,False,1653981000.0,1654166980,10402,4400,120,446,30,119479,1353165192,registered,1832058,,"Torun, Poland",https://blog.furas.pl,https://stackoverflow.com/users/1832058/furas,https://i.stack.imgur.com/relWs.jpg?s=256&g=1,furas,135,94,10,Poland,2022-05-26
14938620,False,1654016100.0,1654167892,4479,2106,18,183,8,21609,1544703423,registered,10785975,,"Warszawa, Polska",,https://stackoverflow.com/users/10785975/daweo,https://www.gravatar.com/avatar/c668b4905932bb9e8abe4d881e689a36?s=256&d=identicon&r=PG&f=1,Daweo,19,9,3,Unknown,2022-05-26
79986,False,1653518100.0,1654127650,655,265,10,30,0,19312,1260201115,registered,226473,90.0,Unknown,,https://stackoverflow.com/users/226473/ramy,https://www.gravatar.com/avatar/f639c91d1fb06120d12e3169e532d441?s=256&d=identicon&r=PG,Ramy,146,98,38,Unknown,2022-05-26
16467123,False,1653586501.0,1654143648,743,183,0,10,0,14438,1565191758,registered,11897007,,Argentina,,https://stackoverflow.com/users/11897007/celius-stingher,https://i.stack.imgur.com/IoZiJ.png?s=256&g=1,Celius Stingher,47,18,5,Argentina,2022-05-26
3377022,False,1654124100.0,1654138785,911,661,25,85,0,8565,1380632776,registered,2834978,,Unknown,,https://stackoverflow.com/users/2834978/lmc,https://www.gravatar.com/avatar/05b09a797fd0c59d1627b30fb4cdba01?s=256&d=identicon&r=PG&f=1,LMC,45,25,2,Unknown,2022-05-26
15001531,False,1653930300.0,1654167928,1309,506,34,86,12,5980,1545653980,registered,10829044,,Unknown,,https://stackoverflow.com/users/10829044/the-great,https://lh3.googleusercontent.com/-XkVFAldxdns/AAAAAAAAAAI/AAAAAAAAAAA/AKxrwcYw7mFQ9BqeKrYJYmarsmObRK9Lsw/mo/photo.jpg?sz=256,The Great,61,18,5,Unknown,2022-05-26
2997357,False,1650093900.0,1654002119,-198,56,10,10,0,4890,1372785299,registered,2543622,66.0,Unknown,,https://stackoverflow.com/users/2543622/user2543622,https://www.gravatar.com/avatar/9c20a1658db39998c589a874842c8e03?s=256&d=identicon&r=PG,user2543622,136,75,22,Unknown,2022-05-26
21534091,False,1653936300.0,1654156643,1386,796,0,15,0,3292,1620493411,registered,15873043,,Unknown,,https://stackoverflow.com/users/15873043/fsimonjetz,https://www.gravatar.com/avatar/a668483f12589d1ff88fd85e4403e202?s=256&d=identicon&r=PG&f=1,fsimonjetz,17,4,1,Unknown,2022-05-26
77556,False,1649953800.0,1653632152,146,58,0,0,0,2072,1259578618,registered,221270,90.0,Unknown,,https://stackoverflow.com/users/221270/honeymoon,https://www.gravatar.com/avatar/cf9ea3641a4e5ca694a8efa33198aad8?s=256&d=identicon&r=PG,honeymoon,36,31,4,Unknown,2022-05-26
3753079,False,1653704400.0,1654159345,-92,38,0,0,0,2010,1387473747,registered,3120129,73.0,World,,https://stackoverflow.com/users/3120129/10101,https://i.stack.imgur.com/9kgKm.jpg?s=256&g=1,10101,48,18,3,Unknown,2022-05-26
9882476,False,1653096600.0,1654160206,776,221,2,2,0,1738,1482177530,registered,7318120,,"London, United Kingdom",http://www.lemsolutions.co.uk,https://stackoverflow.com/users/7318120/d-l,https://i.stack.imgur.com/sWhra.jpg?s=256&g=1,D.L,25,12,2,United Kingdom,2022-05-26
9302465,False,1653318837.0,1654166841,320,138,0,0,0,1720,1475295889,registered,6907424,,Bangladesh,https://www.linkedin.com/in/hafiz-uddin-b86a51160/,https://stackoverflow.com/users/6907424/hafiz031,https://www.gravatar.com/avatar/c98bd1b7f19d6de9dd1b972eac5d5167?s=256&d=identicon&r=PG&f=1,hafiz031,38,17,3,Bangladesh,2022-05-26
16585571,False,1653915300.0,1654165014,1136,953,30,90,15,1305,1566924386,registered,11985088,,Unknown,https://www.linkedin.com/in/kamil-gazizullin,https://stackoverflow.com/users/11985088/inquirer,https://www.gravatar.com/avatar/d939db1ace1a8ed314172d21556232f9?s=256&d=identicon&r=PG&f=1,inquirer,12,5,1,Unknown,2022-05-26
16242515,False,1653922200.0,1654082515,1115,330,7,57,-2,1216,1562060000,registered,11728488,,"Rome, Italy",,https://stackoverflow.com/users/11728488/salvatore-daniele-bianco,https://i.stack.imgur.com/xWEhA.jpg?s=256&g=1,Salvatore Daniele Bianco,16,4,0,Italy,2022-05-26
8270609,False,1645837500.0,1654093970,138,72,10,10,0,1056,1515281650,registered,9182743,,Italy,,https://stackoverflow.com/users/9182743/leo,https://www.gravatar.com/avatar/9306778cac4cc704a8931a04cf432bf9?s=256&d=identicon&r=PG,Leo,23,5,0,Italy,2022-05-26
22946016,False,1654167600.0,1654168208,543,518,45,45,45,1008,1633422281,registered,17077978,,Unknown,,https://stackoverflow.com/users/17077978/robertot,https://www.gravatar.com/avatar/d3d06835e4973cb35b82dd3472f3f9bb?s=256&d=identicon&r=PG,RobertoT,11,0,0,Unknown,2022-05-26
11095297,False,1648511400.0,1653746852,108,34,0,0,0,906,1540904863,registered,10580574,,"Ahmedabad, Gujarat, India",,https://stackoverflow.com/users/10580574/coder,https://www.gravatar.com/avatar/8d507cfae0e9a819acd0b1af9787505e?s=256&d=identicon&r=PG&f=1,Coder,18,8,0,India,2022-05-26
13771274,False,1648260901.0,1653608622,110,40,0,0,0,696,1528929895,registered,9938682,,Unknown,,https://stackoverflow.com/users/9938682/sayonti,https://graph.facebook.com/10204840077717533/picture?type=large,Sayonti ,13,7,2,Unknown,2022-05-26
4488018,False,1644835201.0,1654166519,-50,-40,0,10,0,627,1460737052,registered,6210219,94.0,"Taipei, Taiwan",,https://stackoverflow.com/users/6210219/sati,https://www.gravatar.com/avatar/d7700dd655c9a2b6261ed505893bc391?s=256&d=identicon&r=PG&f=1,Sati,23,6,0,Unknown,2022-05-26
9579371,False,1642696800.0,1654018180,26,14,0,0,0,518,1478253568,registered,7114383,85.0,"Toronto, ON, Canada",,https://stackoverflow.com/users/7114383/hamilton,https://www.gravatar.com/avatar/c30d586b847851face8e38abc056bdb8?s=256&d=identicon&r=PG&f=1,Hamilton,28,9,1,Canada,2022-05-26
11580964,False,1653507000.0,1653884645,40,26,0,0,0,433,1503075120,registered,8484885,,"San Diego, CA, USA",,https://stackoverflow.com/users/8484885/james,https://graph.facebook.com/1829741557043662/picture?type=large,James,12,2,0,USA,2022-05-26
5623295,False,1653932102.0,1654164074,38,28,2,24,0,422,1518670965,registered,9363181,,Unknown,,https://stackoverflow.com/users/9363181/rushhour,https://www.gravatar.com/avatar/edb36784a3f70301c84c54544de9de8e?s=256&d=identicon&r=PG&f=1,RushHour,21,6,0,Unknown,2022-05-26
6906304,False,1634948100.0,1654108869,26,26,0,10,0,400,1441466431,registered,5304058,48.0,"Nashville, TN",,https://stackoverflow.com/users/5304058/chits,https://www.gravatar.com/avatar/412414fa169286d84d8a360ab7ee4de9?s=256&d=identicon&r=PG&f=1,chits,17,4,0,Unknown,2022-05-26
3347853,False,1646544900.0,1654113886,12,12,0,0,0,387,1380052343,registered,2812625,16.0,Unknown,,https://stackoverflow.com/users/2812625/tinkinc,https://www.gravatar.com/avatar/1b2f63adfc012bb02a0a63957bffe60a?s=256&d=identicon&r=PG&f=1,Tinkinc,19,6,2,Unknown,2022-05-26
9668054,False,1647653100.0,1654098781,46,42,0,0,0,377,1601652300,registered,14380579,,Unknown,,https://stackoverflow.com/users/14380579/aaron-wright,https://lh6.googleusercontent.com/-5iBi8cd2jtw/AAAAAAAAAAI/AAAAAAAAObw/AMZuuclDmhrMD6LqLkhX5R8eT1aHpzBpsg/photo.jpg?sz=256,Aaron Wright,9,1,0,Unknown,2022-05-26
15681469,False,1653820500.0,1654155250,30,16,10,12,10,337,1554442586,registered,11315276,,Unknown,,https://stackoverflow.com/users/11315276/apacheone,https://lh5.googleusercontent.com/-XkLMzK4iuQU/AAAAAAAAAAI/AAAAAAAAAAA/ACHi3rcRrUcmcIQTrBC7D5InZPbJr_1mjA/mo/photo.jpg?sz=256,ApacheOne,11,1,0,Unknown,2022-05-26
17572926,False,1653663694.0,1653860096,120,60,0,0,0,301,1579527747,registered,12748319,,"Odesa, Ukraine",,https://stackoverflow.com/users/12748319/ker-laeda86,https://i.stack.imgur.com/k8MGg.jpg?s=256&g=1,ker_laeda86,10,1,0,Ukraine,2022-05-26
3603363,False,1630721400.0,1654135905,10,10,0,0,0,280,1384805366,registered,3006169,,"San Juan, Puerto Rico",http://www.linkedin.com/in/acrabb,https://stackoverflow.com/users/3006169/andr%c3%a9,https://www.gravatar.com/avatar/d938ac98d86c7f4b938236b4731dc432?s=256&d=identicon&r=PG,Andr&#233;,9,3,0,Puerto Rico,2022-05-26
14603871,False,1653318300.0,1654158749,89,40,0,0,0,182,1540310464,registered,10547390,,"Breda, Nederland",,https://stackoverflow.com/users/10547390/karel-van-dongen,https://lh6.googleusercontent.com/-PNxU5pmN3Ds/AAAAAAAAAAI/AAAAAAAAMXg/u5rV3OVuilA/photo.jpg?sz=256,karel van dongen,7,0,0,Unknown,2022-05-26
4343617,False,1651601784.0,1654115738,-2,-2,0,0,0,173,1397754693,registered,3546240,85.0,New York City,,https://stackoverflow.com/users/3546240/sina,https://graph.facebook.com/1564402586/picture?type=large,Sina,13,0,0,Unknown,2022-05-26
17219185,False,1630358738.0,1653899031,106,106,0,25,0,167,1575261151,registered,12466366,,Unknown,,https://stackoverflow.com/users/12466366/2293980990,https://www.gravatar.com/avatar/4da40456d33aba44a8bcafe769b90d87?s=256&d=identicon&r=PG&f=1,2293980990,10,1,0,Unknown,2022-05-26
16915075,False,1647570300.0,1653950710,162,162,0,-2,0,163,1647569718,registered,18499643,,Unknown,,https://stackoverflow.com/users/18499643/joe-tha,https://lh3.googleusercontent.com/a/AATXAJwgrAt2WPX1Yh7wmQIC5IU-8iOXztoNZ3SWMgCh=k-s256,Joe Tha,9,0,0,Unknown,2022-05-26
25073483,False,1654117802.0,1654158147,150,150,10,65,0,151,1650786690,registered,18927125,,Germany,,https://stackoverflow.com/users/18927125/nohman,https://www.gravatar.com/avatar/d0cfcb45f74b959a514c2e44a2d84547?s=256&d=identicon&r=PG,Nohman,7,0,0,Germany,2022-05-26
18289091,False,1651985112.0,1653559581,18,18,0,0,0,134,1586908494,registered,13316297,,Unknown,,https://stackoverflow.com/users/13316297/vikhyat,https://i.stack.imgur.com/65mgG.jpg?s=256&g=1,Vikhyat,3,0,0,Unknown,2022-05-26
9995936,False,1573678770.0,1654073479,36,18,0,0,0,91,1485469995,registered,7476269,20.0,Unknown,,https://stackoverflow.com/users/7476269/ayush-goyal,https://www.gravatar.com/avatar/f6ed528f023f7e7607b1e57736692125?s=256&d=identicon&r=PG&f=1,Ayush Goyal,9,1,0,Unknown,2022-05-26
11085056,False,1654107301.0,1654115690,26,16,2,2,0,86,1552446645,registered,11194619,,Unknown,,https://stackoverflow.com/users/11194619/owen,https://www.gravatar.com/avatar/9d927dac8a196d7689336f4c41bad361?s=256&d=identicon&r=PG&f=1,owen,6,0,0,Unknown,2022-05-26
1772413,False,1653491400.0,1654166059,73,63,0,15,0,84,1345638250,registered,1616945,,"Bengaluru, India",,https://stackoverflow.com/users/1616945/smaurya,https://www.gravatar.com/avatar/9d41fda0ae36e46e58e9a0f29e3c784f?s=256&d=identicon&r=PG,Smaurya,6,0,0,India,2022-05-26
23772765,False,1643936400.0,1654157503,60,60,0,0,0,73,1640760496,registered,17786602,,Unknown,,https://stackoverflow.com/users/17786602/user17786602,https://www.gravatar.com/avatar/0faa9d56cf561e56aafcd1fa380c8ded?s=256&d=identicon&r=PG,user17786602,6,0,0,Unknown,2022-05-26
23909727,False,,1653670108,70,22,0,0,0,71,1641931359,registered,17906841,,Unknown,,https://stackoverflow.com/users/17906841/valentim-kodak,https://www.gravatar.com/avatar/78700a280cac97b102f2e5a4fa8d6435?s=256&d=identicon&r=PG,valentim.kodak,6,0,0,Unknown,2022-05-26
23279548,False,1636740000.0,1653921675,52,52,0,20,0,65,1636427720,registered,17363182,,Unknown,,https://stackoverflow.com/users/17363182/redwytnblakii,https://www.gravatar.com/avatar/03478b986a6bf0221130ac1940dee448?s=256&d=identicon&r=PG,redwytnblakII,6,0,0,Unknown,2022-05-26
14749204,False,1648515300.0,1654003468,16,12,0,0,0,63,1542196170,registered,10651762,,Unknown,http://na,https://stackoverflow.com/users/10651762/lokkii9,https://lh3.googleusercontent.com/-JWzEdbdMVwg/AAAAAAAAAAI/AAAAAAAAAAA/ABtNlbCdwjukGRKMNTLI0Ge2FcKszuJ-Tg/mo/photo.jpg?sz=256,Lokkii9,14,1,0,Unknown,2022-05-26
18898432,False,1649005800.0,1654072090,62,32,0,0,0,63,1618901287,registered,15702146,,Seoul,,https://stackoverflow.com/users/15702146/gejyn14,https://www.gravatar.com/avatar/bdd2f83851acb15925264da0cde914e5?s=256&d=identicon&r=PG&f=1,gejyn14,4,0,0,Unknown,2022-05-26
25393533,False,1653609000.0,1654147950,60,60,0,0,0,61,1653546503,registered,19204129,,Unknown,,https://stackoverflow.com/users/19204129/damien,https://www.gravatar.com/avatar/1dab2b7d74d97b2e53ec4fb149c6aa39?s=256&d=identicon&r=PG&f=1,Damien,5,0,0,Unknown,2022-05-26
24164534,False,1650894900.0,1653972577,58,56,0,0,0,59,1644067311,registered,18127596,,Unknown,,https://stackoverflow.com/users/18127596/mohit,https://www.gravatar.com/avatar/2e1f5b1fa7ebe8790bd36ca9f57d68c8?s=256&d=identicon&r=PG,Mohit,5,0,0,Unknown,2022-05-26
24955913,False,1654116901.0,1654118383,52,52,-48,-40,0,53,1650077397,registered,18820303,,Unknown,,https://stackoverflow.com/users/18820303/chaotic-python,https://i.stack.imgur.com/g8t4E.png?s=256&g=1,Chaotic.Python,9,0,0,Unknown,2022-05-26
25128239,False,1651150749.0,1654124646,52,52,0,10,0,53,1651150712,registered,18975804,,Unknown,,https://stackoverflow.com/users/18975804/ranemak,https://www.gravatar.com/avatar/200cbe438e6451230f9b1c916e85402c?s=256&d=identicon&r=PG&f=1,ranemak,4,0,0,Unknown,2022-05-26
24054706,False,1643283900.0,1654167416,46,20,0,0,0,47,1643151522,registered,18032685,,Unknown,,https://stackoverflow.com/users/18032685/michal,https://www.gravatar.com/avatar/2a797b4aad8a5802ddfb0b208a299fb7?s=256&d=identicon&r=PG,Michal,5,0,0,Unknown,2022-05-26
16839196,False,1618640129.0,1653585705,32,32,0,0,0,43,1570429580,registered,12174980,,Unknown,,https://stackoverflow.com/users/12174980/codekage,https://i.stack.imgur.com/2mPP2.jpg?s=256&g=1,codekage,4,0,0,Unknown,2022-05-26
10035104,False,1638269417.0,1654076984,8,-2,0,0,0,41,1623153295,registered,16163887,,Unknown,,https://stackoverflow.com/users/16163887/lgf,https://www.gravatar.com/avatar/babb7aa4f23c7017d0f39bf61a5e1162?s=256&d=identicon&r=PG&f=1,LGF,5,0,0,Unknown,2022-05-26
22218754,False,,1654106666,16,2,0,0,0,41,1626364798,registered,16456795,,Unknown,,https://stackoverflow.com/users/16456795/davida28,https://lh3.googleusercontent.com/a/AATXAJxyaVFHN97RSPKJssguc6ZEkNBKG__00C37uEAu=k-s256,davida28,3,0,0,Unknown,2022-05-26
24858047,False,1649670300.0,1654151686,40,40,-2,-2,-2,41,1649319086,registered,18734161,,Unknown,,https://stackoverflow.com/users/18734161/user18734161,https://www.gravatar.com/avatar/6ca21a463f5744d24bc10accad016a91?s=256&d=identicon&r=PG&f=1,user18734161,4,0,0,Unknown,2022-05-26
15467620,False,1652898900.0,1653753059,24,24,0,0,0,35,1551861217,registered,11158538,,Unknown,,https://stackoverflow.com/users/11158538/salsa94,https://www.gravatar.com/avatar/f6ec96969304bd0684c8595bbd3b4561?s=256&d=identicon&r=PG&f=1,Salsa94,5,0,0,Unknown,2022-05-26
15244836,False,1654036200.0,1654103979,32,32,0,4,0,33,1549009751,registered,10999967,,Unknown,,https://stackoverflow.com/users/10999967/bharath-kumar,https://lh4.googleusercontent.com/-0GHoI1l4RuA/AAAAAAAAAAI/AAAAAAAABo8/fmzzLH7T4CA/photo.jpg?sz=256,bharath kumar,5,0,0,Unknown,2022-05-26
19953117,False,1652932993.0,1653895554,10,12,0,0,0,33,1605134239,registered,14622342,,Unknown,,https://stackoverflow.com/users/14622342/imtiaz-shuvo,https://lh3.googleusercontent.com/a-/AOh14Ggwp6SbTv2hCk9WoBg9N6Z1-ZK04-iddXqiTMHHMA=k-s256,Imtiaz Shuvo,4,0,0,Unknown,2022-05-26
24093665,False,1650626100.0,1653772428,32,18,0,0,0,33,1643470740,registered,18066556,,Unknown,,https://stackoverflow.com/users/18066556/abir,https://www.gravatar.com/avatar/2e4d7b642ae4751ca3422a555ac83168?s=256&d=identicon&r=PG,Abir,5,0,0,Unknown,2022-05-26
25322659,False,1653727500.0,1654076416,32,32,0,0,0,33,1652866189,registered,19143736,,Unknown,,https://stackoverflow.com/users/19143736/nicodeno-s,https://www.gravatar.com/avatar/5ffab32f9bb99da07a9623b3d23d9333?s=256&d=identicon&r=PG,Nicodeno S,5,0,0,Unknown,2022-05-26
21526190,False,,1654096766,-2,-2,0,0,0,29,1620737629,registered,15896789,,Unknown,,https://stackoverflow.com/users/15896789/daniele-ingredy,https://lh3.googleusercontent.com/a-/AOh14GjPZnm2mzaki0VRaDHx9NQlzpi7BvyfYsL2MiWJ_tc=k-s256,Daniele Ingredy,1,0,0,Unknown,2022-05-26
23466000,False,1654086303.0,1654156091,18,18,0,0,0,29,1637966924,registered,17520196,,Unknown,,https://stackoverflow.com/users/17520196/acolyter11,https://lh3.googleusercontent.com/a/AATXAJxOtReGjJ-3uxWpnD8BBshcrZnsW-GOnTrx_xMH=k-s256,acolyter11,5,0,0,Unknown,2022-05-26
14377157,False,,1654061272,4,2,0,0,0,27,1613523340,registered,15224345,,Unknown,,https://stackoverflow.com/users/15224345/daniel,https://lh3.googleusercontent.com/-btd4qViYHo4/AAAAAAAAAAI/AAAAAAAAAAA/AAN31DXwe6UM3o_z9O5M9by_Ls_b0mlpJA/mo/photo.jpg?sz=256,Daniel ,3,0,0,Unknown,2022-05-26
24633978,False,,1654164669,26,14,0,0,0,27,1647887759,registered,18532875,,Unknown,,https://stackoverflow.com/users/18532875/lana-stance,https://www.gravatar.com/avatar/c4aa860b121236fdee03d5c0dd308b85?s=256&d=identicon&r=PG,Lana Stance,4,0,0,Unknown,2022-05-26
25265249,False,,1654159594,26,26,0,0,0,27,1652285505,registered,19095548,,Unknown,,https://stackoverflow.com/users/19095548/donald-smith,https://lh3.googleusercontent.com/a/AATXAJyIT4_M7XdQe6CCKl9Iol2P1tYMd3Yec8gOEGOw=k-s256,donald smith,4,0,0,Unknown,2022-05-26
25001968,False,1654082215.0,1654084769,24,24,0,0,0,25,1650364154,registered,18862291,,Unknown,,https://stackoverflow.com/users/18862291/marley01,https://www.gravatar.com/avatar/ed3047d7d917cf81347b0d80294d0c71?s=256&d=identicon&r=PG&f=1,marley01,6,0,0,Unknown,2022-05-26
25244344,False,1652271000.0,1654166909,24,24,0,12,0,25,1652107525,registered,19077799,,Unknown,,https://stackoverflow.com/users/19077799/kamilminiprogramer,https://lh3.googleusercontent.com/a/AATXAJxC4Se84S4ysSrAwB0ZOX7HwJT9VyH4MDv2i75Z=k-s256,Kamilminiprogramer,5,0,0,Unknown,2022-05-26
25353321,False,1653258603.0,1654145465,22,22,12,12,0,23,1653159756,registered,19169850,,Unknown,,https://stackoverflow.com/users/19169850/melolilili,https://www.gravatar.com/avatar/5b3600f8916fa2b871d6a1e7efac9da3?s=256&d=identicon&r=PG,melolilili,4,0,0,Unknown,2022-05-26
25394157,False,,1654080224,20,20,0,0,0,21,1653551267,registered,19204667,,Unknown,,https://stackoverflow.com/users/19204667/babyyoda,https://www.gravatar.com/avatar/a92ddca49b52e21741a17093ed9210f3?s=256&d=identicon&r=PG,babyyoda,1,0,0,Unknown,2022-05-26
24942755,False,1653837600.0,1654128318,18,18,0,0,0,19,1649986042,registered,18808414,,Unknown,,https://stackoverflow.com/users/18808414/ruslan-pylypyuk,https://www.gravatar.com/avatar/a40daf5cd7da164f96d16d474a74e64e?s=256&d=identicon&r=PG,Ruslan Pylypyuk,5,0,0,Unknown,2022-05-26
25280443,False,1652693701.0,1654005860,16,16,0,0,0,17,1652430634,registered,19108402,,Unknown,,https://stackoverflow.com/users/19108402/iris-jacobs,https://lh3.googleusercontent.com/a-/AOh14GgEeHX58M1FD30daZNID5U8e2eJhmxkziqW6NrHdA=k-s256,Iris Jacobs,4,0,0,Unknown,2022-05-26
25391929,False,,1654060274,12,12,0,0,0,13,1653529455,registered,19202743,,Unknown,,https://stackoverflow.com/users/19202743/esabo,https://www.gravatar.com/avatar/71b761001a68eacf2299caa0d4acde21?s=256&d=identicon&r=PG,esabo,1,0,0,Unknown,2022-05-26
25394813,False,,1654166219,12,12,0,2,0,13,1653556262,registered,19205242,,Unknown,,https://stackoverflow.com/users/19205242/pietro-enea,https://lh3.googleusercontent.com/a/AATXAJzhHhs56FVxI_N3YmEniUmOcjBBJcpgleIfLLFe7VE=k-s256,Pietro Enea,2,0,0,Unknown,2022-05-26
17667186,False,1633133702.0,1654146730,0,0,0,0,0,11,1580560734,registered,12824281,,Unknown,,https://stackoverflow.com/users/12824281/abolfazl-kiyani,https://lh4.googleusercontent.com/-WVsjbfGwJWw/AAAAAAAAAAI/AAAAAAAAAAA/ACHi3rdsTh2c4D_5bCiEe0LJclx9nGo3gQ/photo.jpg?sz=256,Abolfazl kiyani,1,0,0,Unknown,2022-05-26
24533559,False,1647340800.0,1653614469,10,10,0,0,0,11,1647064504,registered,18444980,,Unknown,,https://stackoverflow.com/users/18444980/rzan1,https://lh3.googleusercontent.com/a/AATXAJyqs-55xaouMsSvwzXkhn2XorEI-kRIl3SAH5SQ=k-s256,rzan1,2,0,0,Unknown,2022-05-26
25400783,False,,1654095892,8,8,0,-4,0,9,1653606644,registered,19210329,,Unknown,,https://stackoverflow.com/users/19210329/fabio,https://www.gravatar.com/avatar/58b241995945490a3ee961e76c8bc946?s=256&d=identicon&r=PG,Fabio,2,0,0,Unknown,2022-05-26
3396296,False,1612577101.0,1654077173,2,2,0,0,0,3,1380987500,registered,2849829,,"Warszawa, Polska",,https://stackoverflow.com/users/2849829/rybomar,https://www.gravatar.com/avatar/055acd462931d893daadecd42a65fc15?s=256&d=identicon&r=PG&f=1,rybomar,3,0,0,Unknown,2022-05-26
22797713,False,1654155600.0,1654140685,0,0,0,0,0,3,1632066246,registered,16951011,,Unknown,,https://stackoverflow.com/users/16951011/sudarshan-waman,https://lh3.googleusercontent.com/a-/AOh14GjsmNKKWL9ziaLtXfmL1d_0En6kr7yhYl9alcZ7eQ=k-s256,Sudarshan Waman,3,0,0,Unknown,2022-05-26
23847264,False,1654161000.0,1653895595,2,2,0,0,0,3,1641480603,registered,17851622,,Cairo,,https://stackoverflow.com/users/17851622/mahmoud-badr,https://lh3.googleusercontent.com/a-/AOh14Gi9t12VcBHkTkasBfvCNCbIVt2zAQCXGF--2OTebw=k-s256,Mahmoud Badr,3,1,0,Unknown,2022-05-26
25393621,False,,1653548326,2,2,0,0,0,3,1653547082,registered,19204198,,Unknown,,https://stackoverflow.com/users/19204198/pinakss7,https://www.gravatar.com/avatar/82227dc411d3ea0b40df4807111619a7?s=256&d=identicon&r=PG,Pinakss7,1,0,0,Unknown,2022-05-26
19502846,False,,1654031578,2,2,0,0,0,3,1653599896,registered,19209926,,Unknown,,https://stackoverflow.com/users/19209926/chen-bao,https://lh6.googleusercontent.com/-sK47wf715JE/AAAAAAAAAAI/AAAAAAAAAAA/AMZuuclOL8ZIIUlHxpLfxLwsVxypzmTH0A/photo.jpg?sz=256,Chen Bao,1,0,0,Unknown,2022-05-26
7225703,False,,1653676625,0,0,0,0,0,1,1446435898,registered,5514339,,Unknown,,https://stackoverflow.com/users/5514339/cylurian,https://www.gravatar.com/avatar/c48d6cd3379cedb25cacf4c0b21ddfd1?s=256&d=identicon&r=PG&f=1,cylurian,3,1,0,Unknown,2022-05-26
10170061,False,,1653728220,0,0,0,0,0,1,1486116636,registered,7510662,,Unknown,,https://stackoverflow.com/users/7510662/jean-baptiste-yamindi,https://lh4.googleusercontent.com/-FzfqGP8S2Lw/AAAAAAAAAAI/AAAAAAAAAIk/WJv0FwJkK10/photo.jpg?sz=256,Jean-Baptiste Yamindi,0,0,0,Unknown,2022-05-26
12810627,False,1653589321.0,1654082840,0,0,0,0,0,1,1516902337,registered,9268971,,Unknown,,https://stackoverflow.com/users/9268971/fabianh,https://www.gravatar.com/avatar/aa7b3f1eaddfc27d977d275eb220a051?s=256&d=identicon&r=PG&f=1,FabianH,1,0,0,Unknown,2022-05-26
15980109,False,,1654152748,0,0,0,0,0,1,1558420228,registered,11531964,,Unknown,,https://stackoverflow.com/users/11531964/saurabh-dinesh-brahmankar,https://lh4.googleusercontent.com/-f8IwlhPfH24/AAAAAAAAAAI/AAAAAAAAAxY/jdP4AuGojnk/photo.jpg?sz=256,Saurabh Dinesh Brahmankar,1,0,0,Unknown,2022-05-26
17529239,False,1653613954.0,1654047734,0,0,0,0,0,1,1579036089,registered,12713630,,Toronto,,https://stackoverflow.com/users/12713630/yellow-raven,https://i.stack.imgur.com/Gsr7j.jpg?s=256&g=1,yellow-raven,3,0,0,Unknown,2022-05-26
17592947,False,,1654148183,0,0,0,0,0,1,1606312564,registered,14706919,,Unknown,,https://stackoverflow.com/users/14706919/reza-naimaee,https://lh3.googleusercontent.com/a-/AAuE7mCtHasaqPJ-15jgz2XKySw3GVfFXYtZ55Pa4KCv=k-s256,Reza naimaee,0,0,0,Unknown,2022-05-26
21938931,False,1637366700.0,1654160247,0,0,0,0,0,1,1623649592,registered,16219735,,India,,https://stackoverflow.com/users/16219735/prashanth,https://www.gravatar.com/avatar/b113f85342c2ef27cd275ada4adc142a?s=256&d=identicon&r=PG&f=1,Prashanth,2,0,0,India,2022-05-26
22562163,False,,1653912512,0,0,0,0,0,1,1629888608,registered,16749667,,Italia,,https://stackoverflow.com/users/16749667/patrizio-iezzi,https://lh3.googleusercontent.com/a-/AOh14GiPUD1jDkX66YrcWUNFJKNXdOW1pETMvwU-q9sfyg=k-s256,Patrizio Iezzi,1,0,0,Unknown,2022-05-26
23202436,False,1635746001.0,1653721259,0,0,0,0,0,1,1635745338,registered,17297070,,Unknown,,https://stackoverflow.com/users/17297070/hernes,https://www.gravatar.com/avatar/deab2b4d74d3438e912c6e0337ce9cf3?s=256&d=identicon&r=PG&f=1,HerneS,0,0,0,Unknown,2022-05-26
23319172,False,1645790403.0,1654163123,0,0,0,0,0,1,1636735512,registered,17397381,,Unknown,,https://stackoverflow.com/users/17397381/db190coding,https://www.gravatar.com/avatar/ffedab2e2d07852f5096c300e6e72765?s=256&d=identicon&r=PG,db190coding,3,0,0,Unknown,2022-05-26
24127262,False,1647929700.0,1653959185,0,0,0,0,0,1,1643760503,registered,18095353,,Sydney,,https://stackoverflow.com/users/18095353/syed,https://www.gravatar.com/avatar/dc034d0347ca0e06d2420291cafca660?s=256&d=identicon&r=PG,Syed,2,0,0,Unknown,2022-05-26
25325667,False,1652888100.0,1653590782,0,0,0,0,0,1,1652886491,registered,19146360,,Unknown,,https://stackoverflow.com/users/19146360/sude-y%c4%b1lmaz,https://lh3.googleusercontent.com/a-/AOh14GhnCG3mrdHAzA4XGoj8AD2cz6LAdxpjRBv1gW78ILw=k-s256,Sude Yılmaz,1,0,0,Unknown,2022-05-26
25379375,False,1653420902.0,1653604621,0,0,0,0,0,1,1653418688,registered,19192001,,Unknown,,https://stackoverflow.com/users/19192001/kaufmane,https://www.gravatar.com/avatar/697b0c4ac6c858fce518cdc8a67ef003?s=256&d=identicon&r=PG,kaufmane,1,0,0,Unknown,2022-05-26
25392997,False,,1654166779,0,0,0,0,0,1,1653541846,registered,19203652,,Unknown,,https://stackoverflow.com/users/19203652/maxmellien,https://www.gravatar.com/avatar/9802a39e1b6b060089ec3748021f37d3?s=256&d=identicon&r=PG,Maxmellien,3,0,0,Unknown,2022-05-26
25395440,False,1653562949.0,1653647647,0,0,0,0,0,1,1653561074,registered,19205783,,Unknown,,https://stackoverflow.com/users/19205783/anurodh-jha,https://lh3.googleusercontent.com/a-/AOh14GiSZlopF_NrUzumEcNZiel2wKVdF7xHLCwRD-_wcA=k-s256,Anurodh Jha,2,0,0,Unknown,2022-05-26
25397231,False,,1654112693,0,0,0,0,0,1,1653574349,registered,19207307,,Unknown,,https://stackoverflow.com/users/19207307/sajeev-kumar,https://lh3.googleusercontent.com/a-/AOh14Gi73L80nvmSewXzZjh1kf7tVi5rsq0cCCA3LFUp=k-s256,sajeev kumar,0,0,0,Unknown,2022-05-26
25397295,False,,1653927921,0,0,0,0,0,1,1653574844,registered,19207364,,Unknown,,https://stackoverflow.com/users/19207364/gdelavy,https://lh3.googleusercontent.com/a/AATXAJz0sil0peiNtkKsKkuqlRqmuqqvIi7XLa_AGiUs=k-s256,GDelavy,2,0,0,Unknown,2022-05-26
25399059,False,1653588251.0,1653937689,0,0,0,0,0,1,1653588140,registered,19208875,,Unknown,,https://stackoverflow.com/users/19208875/akk,https://www.gravatar.com/avatar/a1c668c9c1b2a541ba112be7b2e545ee?s=256&d=identicon&r=PG,AKK,3,0,0,Unknown,2022-05-26
25399677,False,,1654021123,0,0,0,0,0,1,1653593343,registered,19209395,,Unknown,,https://stackoverflow.com/users/19209395/larsje99,https://graph.facebook.com/1733361680339446/picture?type=large,larsje99,0,0,0,Unknown,2022-05-26
25400107,False,,1653920874,0,0,0,0,0,1,1653597714,registered,19209754,,Unknown,,https://stackoverflow.com/users/19209754/erin-vee,https://www.gravatar.com/avatar/9ace0bd4c5de915cced0885ffa000c30?s=256&d=identicon&r=PG,erin_vee,1,0,0,Unknown,2022-05-26
25400679,False,,1653661805,0,0,0,0,0,1,1653604950,registered,19210240,,Unknown,,https://stackoverflow.com/users/19210240/alexis-chavez,https://lh3.googleusercontent.com/a-/AOh14GhZ3b30zgxVwIm9LigyiDk7hAHN_nTSXQ4MnLVz=k-s256,Alexis Chavez,0,0,0,Unknown,2022-05-26
10829702,False,1653981000.0,1654139139,15339,5528,150,390,45,296637,1493916329,registered,7964527,100.0,United States,https://stackoverflow.com/users/7964527/wen,https://stackoverflow.com/users/7964527/beny,https://i.stack.imgur.com/HPW8R.jpg?s=256&g=1,BENY,203,147,19,United States,2022-05-26
7316008,False,1653854400.0,1654168195,7270,3294,40,135,0,133376,1463753054,registered,6361531,80.0,"Houston, TX, USA",https://www.linkedin.com/in/scott-boston/,https://stackoverflow.com/users/6361531/scott-boston,https://i.stack.imgur.com/BRRGS.png?s=256&g=1,Scott Boston,161,126,13,USA,2022-05-26
13900216,False,1653739200.0,1654163593,10773,7907,148,406,35,117741,1530779891,registered,10035985,,Slovakia,,https://stackoverflow.com/users/10035985/andrej-kesely,https://lh4.googleusercontent.com/-1WgJ_2yA-78/AAAAAAAAAAI/AAAAAAAAAOA/0CBOlYqYe7M/photo.jpg?sz=256,Andrej Kesely,74,38,13,Slovakia,2022-05-26
20724483,False,1654096200.0,1654162087,28745,4155,178,463,78,70159,1613706797,registered,15239951,,Unknown,,https://stackoverflow.com/users/15239951/corralien,https://www.gravatar.com/avatar/976f07be84907aad663ce8c1c51cf5c4?s=256&d=identicon&r=PG,Corralien,37,16,7,Unknown,2022-05-26
1690250,False,1653586501.0,1654145473,2554,859,10,70,0,59107,1343246407,registered,1552748,93.0,"Portland, OR",https://phobson.github.io/,https://stackoverflow.com/users/1552748/paul-h,https://www.gravatar.com/avatar/7840b7a3579d2a7065d5c0aa804b5b92?s=256&d=identicon&r=PG,Paul H,130,144,18,Unknown,2022-05-26
181187,False,1651331700.0,1654166141,977,410,25,35,15,21018,1281353610,registered,415016,29.0,Unknown,,https://stackoverflow.com/users/415016/balderman,https://www.gravatar.com/avatar/48e653222e0c86dbb4947ea2ea926ff9?s=256&d=identicon&r=PG,balderman,43,30,6,Unknown,2022-05-26
14280244,False,1654089600.0,1654167553,8381,7572,60,700,25,16195,1536066462,registered,10315163,,Unknown,,https://stackoverflow.com/users/10315163/ynjxsjmh,https://www.gravatar.com/avatar/612a6e3f2d130ac5f5672a9e474f92da?s=256&d=identicon&r=PG&f=1,Ynjxsjmh,42,17,3,Unknown,2022-05-26
1588376,False,1634738404.0,1654106594,388,190,0,10,0,6751,1340285451,registered,1472253,100.0,Washington DC,,https://stackoverflow.com/users/1472253/andrew-br%c4%93za,https://www.gravatar.com/avatar/cbd59e323ca96a9b4fdf3065590ecd0e?s=256&d=identicon&r=PG,Andrew Brēza,39,32,3,Unknown,2022-05-26
8531722,False,1653657387.0,1654156232,578,356,30,40,10,4188,1480159294,registered,7212929,60.0,"Karachi, Pakistan",http://www.linkedin.com/in/syedhamzaalee,https://stackoverflow.com/users/7212929/hamza,https://www.gravatar.com/avatar/e465e06aac39038877a4ec2e808b1c13?s=256&d=identicon&r=PG&f=1,Hamza,39,21,2,Pakistan,2022-05-26
3973125,False,1648509300.0,1654013357,-82,-144,0,0,0,3072,1391635646,registered,3277133,88.0,Unknown,,https://stackoverflow.com/users/3277133/rustyshackleford,https://www.gravatar.com/avatar/887c8d5491e0f4976fd0b261644f89ba?s=256&d=identicon&r=PG&f=1,RustyShackleford,61,34,3,Unknown,2022-05-26
8805799,False,1653493500.0,1654139461,650,270,0,10,0,2971,1468341725,registered,6580543,,Unknown,,https://stackoverflow.com/users/6580543/mitoribo,https://www.gravatar.com/avatar/5c2d26bb59afa57a4a08d5000af6391d?s=256&d=identicon&r=PG&f=1,mitoRibo,18,11,1,Unknown,2022-05-26
16425889,False,1653946200.0,1654151976,2764,2764,10,122,0,2895,1564603695,registered,11865956,,"Seattle, WA, USA",,https://stackoverflow.com/users/11865956/bert2me,https://www.gravatar.com/avatar/45a86e0f2929ad6e1475978ffa510cfe?s=256&d=identicon&r=PG&f=1,BeRT2me,24,4,1,USA,2022-05-26
16501529,False,1653398700.0,1654131053,584,256,0,0,0,2762,1565704173,registered,11922765,,Unknown,,https://stackoverflow.com/users/11922765/mainland,https://www.gravatar.com/avatar/ed69b624cdb86e52caf0010e274df7b0?s=256&d=identicon&r=PG&f=1,Mainland,27,12,1,Unknown,2022-05-26
6501940,False,1642844700.0,1654018320,90,30,0,0,0,2375,1434851861,registered,5032387,71.0,Unknown,,https://stackoverflow.com/users/5032387/matsuo-basho,https://i.stack.imgur.com/iUzOl.jpg?s=256&g=1,matsuo_basho,43,21,8,Unknown,2022-05-26
3939600,False,1578432005.0,1654168025,20,10,0,0,0,1696,1391107939,registered,3254585,,"Denver, Colorado",http://lampostmud.org,https://stackoverflow.com/users/3254585/geoff-genz,https://www.gravatar.com/avatar/a4235da48ae79ed38ccdb35117205eb7?s=256&d=identicon&r=PG&f=1,Geoff Genz,18,16,0,Unknown,2022-05-26
13360669,False,1654097400.0,1654121830,157,137,30,70,0,1412,1523639620,registered,9642804,,Unknown,,https://stackoverflow.com/users/9642804/ach113,https://i.stack.imgur.com/FoDuW.jpg?s=256&g=1,Ach113,34,14,2,Unknown,2022-05-26
23731201,False,1654101303.0,1654167352,1249,826,60,138,0,1260,1640282662,registered,17750431,,NC,https://na,https://stackoverflow.com/users/17750431/archangelpwn,https://i.stack.imgur.com/imBLR.png?s=256&g=1,ArchAngelPwn,9,2,1,Unknown,2022-05-26
11471165,False,1653489000.0,1654009999,124,34,0,2,0,1193,1501706636,registered,8407951,62.0,"Krak&#243;w, Poland",,https://stackoverflow.com/users/8407951/slowat-kela,https://www.gravatar.com/avatar/22ac0be4f472b5379a2175a668266f83?s=256&d=identicon&r=PG&f=1,Slowat_Kela,32,15,2,Poland,2022-05-26
13901521,False,1652702700.0,1653912415,142,28,0,0,0,948,1530791866,registered,10037034,,Unknown,,https://stackoverflow.com/users/10037034/sevval-kahraman,https://lh5.googleusercontent.com/-3uWGEEAh9Xg/AAAAAAAAAAI/AAAAAAAAAAc/AerrmoOrjqM/photo.jpg?sz=256,Sevval Kahraman,25,8,3,Unknown,2022-05-26
19963685,False,1653833701.0,1654161800,717,657,0,0,0,844,1605249724,registered,14630700,,India,,https://stackoverflow.com/users/14630700/avinash,https://www.gravatar.com/avatar/7781a02a92a120c3b5717352e14951d5?s=256&d=identicon&r=PG&f=1,Avinash,18,5,0,India,2022-05-26
9189251,False,1573678933.0,1653897407,0,0,0,0,0,741,1473847558,registered,6830369,92.0,"M&#252;nchen, Deutschland",,https://stackoverflow.com/users/6830369/valenzio,https://i.stack.imgur.com/YC4wS.jpg?s=256&g=1,valenzio,20,9,0,Unknown,2022-05-26
17050731,False,1645557301.0,1653836255,60,20,0,0,0,569,1573114182,registered,12336422,,Unknown,https://www.sams-studio.com,https://stackoverflow.com/users/12336422/sams-studio,https://i.stack.imgur.com/yg8gd.png?s=256&g=1,sams-studio,10,2,0,Unknown,2022-05-26
4273486,False,1653603995.0,1654159342,360,360,65,175,15,509,1396543526,registered,3494754,,Unknown,,https://stackoverflow.com/users/3494754/naveed,https://www.gravatar.com/avatar/?s=256&d=identicon&r=PG&f=1,Naveed,7,2,0,Unknown,2022-05-26
23947007,False,1653566700.0,1654024787,390,180,0,36,0,491,1642235096,registered,17939220,,Unknown,,https://stackoverflow.com/users/17939220/imhans4305,https://lh3.googleusercontent.com/a/AATXAJwmDnf7yqPPSYul_G-IgsHvOMeNurOQu7CciE7y=k-s256,imhans4305,8,0,0,Unknown,2022-05-26
14279515,False,1626430800.0,1653926701,12,2,0,0,0,433,1536059519,registered,10314605,,Unknown,,https://stackoverflow.com/users/10314605/pythonninja,https://lh4.googleusercontent.com/-lQv_GNCHeBk/AAAAAAAAAAI/AAAAAAAAAAA/APUIFaMfTA0X4kPYnQ3XeMnuWVMD18O9RA/mo/photo.jpg?sz=256,pythonNinja,12,4,0,Unknown,2022-05-26
9319213,False,1642281901.0,1654099463,14,2,0,0,0,389,1543346179,registered,10713420,,Unknown,,https://stackoverflow.com/users/10713420/nab0815,https://www.gravatar.com/avatar/8f3c12120e47a4e448654f110ca0ae28?s=256&d=identicon&r=PG&f=1,NAB0815,17,3,0,Unknown,2022-05-26
22160387,False,1654127400.0,1654167464,379,379,70,165,15,380,1625750800,registered,16407480,,Unknown,,https://stackoverflow.com/users/16407480/drakax,https://i.stack.imgur.com/ZhRRb.png?s=256&g=1,Drakax,8,0,0,Unknown,2022-05-26
15247236,False,1648515901.0,1653571845,30,12,0,0,0,311,1549034490,registered,11001783,,Unknown,,https://stackoverflow.com/users/11001783/sandy,https://i.stack.imgur.com/mFr0b.gif?s=256&g=1,Sandy,13,3,0,Unknown,2022-05-26
5163218,False,1653750553.0,1654149454,45,25,0,0,0,310,1413106218,registered,4134163,,"Melbourne VIC, Australia",,https://stackoverflow.com/users/4134163/nizam,https://i.stack.imgur.com/61ZSN.jpg?s=256&g=1,Nizam,11,5,0,Australia,2022-05-26
6291441,False,1653686100.0,1654067784,138,80,0,0,0,257,1431376974,registered,4889002,,"Essaouira, Morocco",,https://stackoverflow.com/users/4889002/sa%c3%afd-maanan,https://i.stack.imgur.com/QU9TB.jpg?s=256&g=1,Sa&#239;d Maanan,10,2,0,Morocco,2022-05-26
15616914,False,1641003600.0,1653630184,0,-10,0,0,0,183,1553696091,registered,11266889,,Unknown,,https://stackoverflow.com/users/11266889/pipikej,https://www.gravatar.com/avatar/7aa11bd7bf29f62326e8e0e082214ab4?s=256&d=identicon&r=PG&f=1,pipikej,10,0,0,Unknown,2022-05-26
4559464,False,1653563700.0,1653935063,14,4,0,0,0,181,1401782965,registered,3702200,100.0,Netherlands,http://localhost,https://stackoverflow.com/users/3702200/tobias-s,https://i.stack.imgur.com/LnrYN.jpg?s=256&g=1,Tobias S,13,1,0,Netherlands,2022-05-26
19036554,False,1642248901.0,1653589973,12,12,0,0,0,165,1594285358,registered,13897544,,Finland,,https://stackoverflow.com/users/13897544/normal-human,https://www.gravatar.com/avatar/827458896237603a7177dfd6801949f5?s=256&d=identicon&r=PG&f=1,normal_human,7,0,0,Finland,2022-05-26
13742210,False,1647052800.0,1654125073,44,26,0,0,0,159,1558043506,registered,11512576,,Unknown,,https://stackoverflow.com/users/11512576/harry,https://www.gravatar.com/avatar/b48ef54108d77acb50f3e5186bced1be?s=256&d=identicon&r=PG&f=1,Harry,8,1,0,Unknown,2022-05-26
7698587,False,1653754823.0,1654167704,150,150,6,55,2,151,1453608396,registered,5832074,,Unknown,,https://stackoverflow.com/users/5832074/ahmad,https://www.gravatar.com/avatar/18229686193dd84fc6b1911b2f179330?s=256&d=identicon&r=PG&f=1,Ahmad,7,0,0,Unknown,2022-05-26
8564200,False,,1653981925,79,47,0,0,0,115,1464911955,registered,6417219,,Unknown,,https://stackoverflow.com/users/6417219/blt,https://i.stack.imgur.com/uBOou.jpg?s=256&g=1,BLT,8,0,0,Unknown,2022-05-26
17429130,False,1650679200.0,1654127190,10,0,0,0,0,107,1577815277,registered,12633460,,"Arizona, USA",,https://stackoverflow.com/users/12633460/pkv,https://www.gravatar.com/avatar/efbca4660f2106222ddc5739d6bfc831?s=256&d=identicon&r=PG&f=1,PKV,12,0,0,USA,2022-05-26
20111631,False,1646913900.0,1653787128,16,-2,0,0,0,107,1606901815,registered,14747932,,Unknown,,https://stackoverflow.com/users/14747932/kavach-dheer,https://i.stack.imgur.com/HhcMp.jpg?s=256&g=1,Kavach Dheer,7,0,0,Unknown,2022-05-26
24114114,False,1653854400.0,1654151220,104,104,10,38,10,105,1643657513,registered,18084286,,Unknown,,https://stackoverflow.com/users/18084286/helpmecode,https://www.gravatar.com/avatar/3d5db60c5c6a78f8f5c1b4efff60b3d9?s=256&d=identicon&r=PG,HelpMeCode,8,0,0,Unknown,2022-05-26
19782721,False,1641033000.0,1654116049,30,22,0,0,0,97,1603216056,registered,14487374,,Unknown,,https://stackoverflow.com/users/14487374/oldkingcole,https://www.gravatar.com/avatar/1ee9152cf0bd2c71af6012d89313e572?s=256&d=identicon&r=PG&f=1,OldKingCole,7,0,0,Unknown,2022-05-26
16910839,False,1628676600.0,1654150903,14,14,0,2,0,91,1571278452,registered,12229912,,Kuwait,,https://stackoverflow.com/users/12229912/reda-khalaf,https://lh3.googleusercontent.com/a-/AAuE7mAr_BGCQBVNlv2bzG10TxaFCVzyycGdHrN6SH34=k-s256,Reda Khalaf,8,0,0,Kuwait,2022-05-26
13333990,False,1630686300.0,1654007979,26,26,0,2,0,87,1523357495,registered,9624403,,"Leicester, UK",,https://stackoverflow.com/users/9624403/eoin-vaughan,https://graph.facebook.com/2096443197050201/picture?type=large,Eoin Vaughan,9,1,0,UK,2022-05-26
19727068,False,1651281000.0,1654028783,16,14,0,0,0,87,1602603925,registered,14443410,,Unknown,,https://stackoverflow.com/users/14443410/tickets2moontown,https://www.gravatar.com/avatar/13ea9a9131ae88030d1468c89e38b73b?s=256&d=identicon&r=PG&f=1,Tickets2Moontown,7,0,0,Unknown,2022-05-26
25386517,False,1653831300.0,1653860473,86,86,0,42,0,87,1653480953,registered,19198235,,Unknown,,https://stackoverflow.com/users/19198235/mandalina,https://www.gravatar.com/avatar/56fd608eb58ec7ede93b94e92652d16e?s=256&d=identicon&r=PG,Mandalina,5,0,0,Unknown,2022-05-26
24528933,False,1652038800.0,1654163868,82,82,0,0,0,83,1647016815,registered,18441047,,Unknown,,https://stackoverflow.com/users/18441047/firefoxer,https://lh3.googleusercontent.com/a/AATXAJySsBIqG0K8hFVm2EsutYakiqLXIVhNqdDykTWv=k-s256,Firefoxer,7,0,0,Unknown,2022-05-26
14542789,False,1635777901.0,1653913976,28,-4,0,0,0,79,1539544041,registered,10503948,,"Mississippi, Verenigde Staten",,https://stackoverflow.com/users/10503948/gerald,https://www.gravatar.com/avatar/fb8d5e8b6bcd1a9a9019eef8170e2f32?s=256&d=identicon&r=PG&f=1,Gerald,5,0,0,Unknown,2022-05-26
3206167,False,1651891200.0,1654167365,20,10,0,0,0,77,1377171436,registered,2707200,,"Bangalore, Karnataka, India",,https://stackoverflow.com/users/2707200/thangaraj1980,https://www.gravatar.com/avatar/822ac545e3a27fe9aa6fd976c23774c4?s=256&d=identicon&r=PG&f=1,thangaraj1980,6,0,0,India,2022-05-26
25038646,False,1651684500.0,1654160702,68,68,0,12,0,69,1650555455,registered,18895773,,Unknown,,https://stackoverflow.com/users/18895773/petar-ulev,https://lh3.googleusercontent.com/a/AATXAJzzNjI0BHwycYSPtL0Ry6CiBCL-wTf-zD_RgyEt=k-s256,Petar Ulev,7,0,0,Unknown,2022-05-26
16988001,False,1644653700.0,1653941596,14,2,0,2,0,67,1572298664,registered,12288279,,Unknown,,https://stackoverflow.com/users/12288279/mohammede,https://www.gravatar.com/avatar/a45ec17df87b2f235b5d29aa039f30a4?s=256&d=identicon&r=PG&f=1,MohammedE,5,0,0,Unknown,2022-05-26
24184590,False,1652470200.0,1654165096,64,46,0,2,0,65,1644260044,registered,18144711,,Unknown,,https://stackoverflow.com/users/18144711/tahnee,https://www.gravatar.com/avatar/84a06537e58a17634a667021475aa088?s=256&d=identicon&r=PG,Tahnee,5,0,0,Unknown,2022-05-26
23685488,False,1650497400.0,1653646584,0,0,0,0,0,59,1639849267,registered,17710490,,Unknown,,https://stackoverflow.com/users/17710490/crazydev,https://www.gravatar.com/avatar/c89a86ebb82ad927cc405341e80d2a4c?s=256&d=identicon&r=PG,crazyDev,6,0,0,Unknown,2022-05-26
24656517,False,1651887300.0,1653988115,58,12,0,-2,0,59,1648020282,registered,18553146,,Unknown,,https://stackoverflow.com/users/18553146/rati-goyal,https://lh3.googleusercontent.com/a/AATXAJylDBd3Uero4rh65lKYf2qcuzIy1Jswfv6orWfA=k-s256,Rati Goyal,5,0,0,Unknown,2022-05-26
23070179,False,,1654121038,50,50,10,10,0,51,1634572323,registered,17184061,,Unknown,,https://stackoverflow.com/users/17184061/the-data-guy,https://www.gravatar.com/avatar/45be5336ae6a1881d22a0bdba888d474?s=256&d=identicon&r=PG,The_Data_Guy,3,0,0,Unknown,2022-05-26
6265662,False,1643334900.0,1654130279,20,20,0,10,0,47,1430929173,registered,4871490,,"Seattle, WA, USA",,https://stackoverflow.com/users/4871490/tom%c3%a1s-gray,https://i.stack.imgur.com/CPUDY.jpg?s=256&g=1,Tom&#225;s Gray,7,1,0,USA,2022-05-26
24922079,False,1649911800.0,1654164175,45,45,0,0,0,46,1649830694,registered,18790246,,Unknown,,https://stackoverflow.com/users/18790246/geekgroot,https://www.gravatar.com/avatar/ba1a4389ad7b2c3c62cce3263e0023d6?s=256&d=identicon&r=PG&f=1,GeekGroot,3,0,0,Unknown,2022-05-26
23006593,False,,1654117085,24,24,0,0,0,45,1633985321,registered,17129771,,Unknown,,https://stackoverflow.com/users/17129771/wags,https://www.gravatar.com/avatar/85e34c44612d0393c073167f14963371?s=256&d=identicon&r=PG,Wags,4,0,0,Unknown,2022-05-26
19512997,False,1601094900.0,1654061873,26,26,0,10,0,39,1600103870,registered,14276532,,Unknown,,https://stackoverflow.com/users/14276532/lacrucec38x,https://www.gravatar.com/avatar/804aefe44ea94b58382879f92597ad66?s=256&d=identicon&r=PG&f=1,lacrucec38x,3,0,0,Unknown,2022-05-26
22012818,False,,1653665609,22,22,0,0,0,35,1634252409,registered,17154354,,Unknown,,https://stackoverflow.com/users/17154354/ahmed-essam,https://lh3.googleusercontent.com/a-/AOh14Gi-KJ7mYgppUA26Jgw94LZ9v7xPeQz5gRRrKP3W=k-s256,Ahmed Essam,4,0,0,Unknown,2022-05-26
11780362,False,1585987205.0,1653581082,16,16,0,0,0,33,1509216556,registered,8849216,,Unknown,,https://stackoverflow.com/users/8849216/nicolas,https://graph.facebook.com/528783964131033/picture?type=large,Nicolas,5,0,0,Unknown,2022-05-26
14401722,False,1609275600.0,1653826528,2,2,0,0,0,31,1537689121,registered,10403134,,Unknown,,https://stackoverflow.com/users/10403134/andy,https://www.gravatar.com/avatar/9b9455b7a51f38b18ddea740e5e4d89e?s=256&d=identicon&r=PG&f=1,Andy,6,0,0,Unknown,2022-05-26
12642079,False,1654017912.0,1654159045,25,25,0,25,0,26,1515433750,registered,9189224,,Unknown,,https://stackoverflow.com/users/9189224/jyoti-thakkar,https://www.gravatar.com/avatar/5c677c3898faeee4ef8c4b844413663d?s=256&d=identicon&r=PG&f=1,Jyoti Thakkar,4,0,0,Unknown,2022-05-26
5996287,False,1600888368.0,1654117284,2,2,0,0,0,25,1427267413,registered,4710828,,Unknown,,https://stackoverflow.com/users/4710828/inferno,https://www.gravatar.com/avatar/ffcc0ba4897d067a9626b05ec8788595?s=256&d=identicon&r=PG&f=1,inferno,4,0,0,Unknown,2022-05-26
8284862,False,1573679114.0,1654066339,0,0,0,0,0,23,1461128821,registered,6228273,,Unknown,,https://stackoverflow.com/users/6228273/bop,https://www.gravatar.com/avatar/d08ee120a979e45cbaa3d4d4d1a282e9?s=256&d=identicon&r=PG&f=1,bop,5,0,0,Unknown,2022-05-26
9358102,False,1512788307.0,1653999895,20,10,0,0,0,21,1510037389,registered,8898382,,Unknown,,https://stackoverflow.com/users/8898382/vidisha-kanodia,https://graph.facebook.com/10205955903737205/picture?type=large,Vidisha Kanodia,4,0,0,Unknown,2022-05-26
17905342,False,1625016001.0,1653768336,12,12,0,0,0,19,1583356263,registered,13008656,,Unknown,,https://stackoverflow.com/users/13008656/todde,https://www.gravatar.com/avatar/6b278a2d642214842adf4b17b8bbcca2?s=256&d=identicon&r=PG&f=1,ToddE,3,0,0,Unknown,2022-05-26
20723727,False,,1653856133,18,18,0,0,0,19,1613441247,registered,15217462,,"Jalisco, M&#233;xico",,https://stackoverflow.com/users/15217462/octaviodiego78,https://www.gravatar.com/avatar/c57c07578e336a713d392f337ac5712e?s=256&d=identicon&r=PG&f=1,octaviodiego78,2,0,0,México,2022-05-26
15888803,False,1652490900.0,1654108473,16,14,0,0,0,17,1557229706,registered,11464527,,"Z&#252;rich, Switzerland",,https://stackoverflow.com/users/11464527/avi-bro,https://lh6.googleusercontent.com/-enq-TcM-oWY/AAAAAAAAAAI/AAAAAAAAauI/FKbnU9swW44/photo.jpg?sz=256,Avi Bro,5,1,0,Switzerland,2022-05-26
4805959,False,1483461662.0,1653980222,12,12,0,0,0,15,1432342195,registered,4930877,,Unknown,,https://stackoverflow.com/users/4930877/user350426,https://www.gravatar.com/avatar/249e7bbd4ad28b3e953901a7c7031597?s=256&d=identicon&r=PG&f=1,user350426,2,0,0,Unknown,2022-05-26
12438860,False,1641021300.0,1654167745,0,0,0,0,0,13,1512499923,registered,9058056,,Unknown,,https://stackoverflow.com/users/9058056/abubakar-ilyas,https://lh5.googleusercontent.com/-KuT9isxt2Xo/AAAAAAAAAAI/AAAAAAAAAhM/OZN9VirNl_U/photo.jpg?sz=256,abubakar ilyas,4,1,0,Unknown,2022-05-26
25396166,False,,1653907531,12,12,0,12,0,13,1653566858,registered,19206397,,Unknown,,https://stackoverflow.com/users/19206397/the-legendary-yellow,https://lh3.googleusercontent.com/a/AATXAJwuAxuJieZoIW_kpnJKYWJXB7IiUlyOk1_hGwoS=k-s256,The Legendary YELLOW,3,0,0,Unknown,2022-05-26
17945646,False,1604400300.0,1653576491,10,10,0,0,0,11,1583853863,registered,13039986,,Unknown,,https://stackoverflow.com/users/13039986/umar-ali-siddiqui,https://graph.facebook.com/2740526376068184/picture?type=large,Umar Ali Siddiqui,5,0,0,Unknown,2022-05-26
25342163,False,,1653659272,10,10,0,0,0,11,1653040464,registered,19160419,,Unknown,,https://stackoverflow.com/users/19160419/batardavelo,https://lh3.googleusercontent.com/a/AATXAJw7E8leoOnI6N-23foQU1tymMcOWEj38vgeHDay=k-s256,batardavelo,1,0,0,Unknown,2022-05-26
25394389,False,,1653631622,10,10,0,0,0,11,1653552921,registered,19204871,,Unknown,,https://stackoverflow.com/users/19204871/sunghwan-jang,https://lh3.googleusercontent.com/a/AATXAJzoa8Y1_SY4xO6NDbjNvPdrz1FeaX6_5P0XJf7U=k-s256,sunghwan jang,2,0,0,Unknown,2022-05-26
25397440,False,,1653579923,10,10,0,0,0,11,1653575915,registered,19207489,,Unknown,,https://stackoverflow.com/users/19207489/pylot,https://www.gravatar.com/avatar/001bc831817040e0baf69df207a8cd9e?s=256&d=identicon&r=PG,Pylot,2,0,0,Unknown,2022-05-26
25397510,False,,1653579011,10,10,0,0,0,11,1653576367,registered,19207546,,Unknown,,https://stackoverflow.com/users/19207546/nanina,https://www.gravatar.com/avatar/97cf458c0ef5f10374d8127f05d752ed?s=256&d=identicon&r=PG,Nanina,2,0,0,Unknown,2022-05-26
25400604,False,1653692100.0,1654122303,10,10,0,0,0,11,1653603853,registered,19210181,,Unknown,,https://stackoverflow.com/users/19210181/user19210181,https://www.gravatar.com/avatar/34b257305f7a9e8d639e9598ea5d5d19?s=256&d=identicon&r=PG,user19210181,1,0,0,Unknown,2022-05-26
24949404,False,1653098700.0,1653982640,4,4,0,0,0,5,1650034937,registered,18814386,,Unknown,,https://stackoverflow.com/users/18814386/pivotal,https://lh3.googleusercontent.com/a/AATXAJy0QrbKndtyDQWyP5ROuQ9XMlPt-nvZtKqDUZHm=k-s256,PivotAl,3,0,0,Unknown,2022-05-26
17799124,False,,1654078420,2,2,0,0,0,3,1582122195,registered,12926352,,Unknown,,https://stackoverflow.com/users/12926352/vivek-kotegar,https://lh3.googleusercontent.com/a-/AAuE7mDPnxi-1ymcwMq2D_rQvl_MxgcrWiJPMN4ZhE-HSQ=k-s256,Vivek Kotegar,2,0,0,Unknown,2022-05-26
19685043,False,1650096002.0,1654135340,2,2,0,0,0,3,1602126846,registered,14411187,,Unknown,,https://stackoverflow.com/users/14411187/aditya-srinevas,https://lh6.googleusercontent.com/-RnIC3rBLOH0/AAAAAAAAAAI/AAAAAAAAAAA/AMZuuck1ASfaJuFVbCeIzU_zQdbBSkq_Mw/s96-c/photo.jpg?sz=256,aditya srinevas,3,0,0,Unknown,2022-05-26
21492566,False,1652274900.0,1654098924,2,2,0,0,0,3,1620180050,registered,15838041,,Unknown,,https://stackoverflow.com/users/15838041/kenswot,https://www.gravatar.com/avatar/98f65ba5e0b4970bb285514d2bfc2fc5?s=256&d=identicon&r=PG&f=1,Kenswot,2,0,0,Unknown,2022-05-26
24098643,False,,1653682535,2,2,0,0,0,3,1643530049,registered,18070910,,Unknown,,https://stackoverflow.com/users/18070910/arkriger,https://lh3.googleusercontent.com/a-/AOh14GgYXASc7svpSLWBz0qXiTtu0kVR1h786TAONXPW=k-s256,arkriger,1,0,0,Unknown,2022-05-26
25380077,False,,1654139348,2,2,0,0,0,3,1653424441,registered,19192612,,Unknown,,https://stackoverflow.com/users/19192612/ere-erer,https://lh3.googleusercontent.com/a/AATXAJy9f7-WiHYHXrBtsLZAqKixDwGyFGodhDnPsLTj=k-s256,ere erer,3,0,0,Unknown,2022-05-26
25396376,False,,1654085847,2,2,0,0,0,3,1653568334,registered,19206574,,Unknown,,https://stackoverflow.com/users/19206574/punay,https://www.gravatar.com/avatar/8434e8dfad967cd9329fa188fbfe078a?s=256&d=identicon&r=PG,punay,2,0,0,Unknown,2022-05-26
25396868,False,,1654087586,2,2,0,0,0,3,1653571851,registered,19206998,,Unknown,,https://stackoverflow.com/users/19206998/hadi,https://www.gravatar.com/avatar/3d5334171a8ce28d14920781fbb129c7?s=256&d=identicon&r=PG,Hadi,1,0,0,Unknown,2022-05-26
7765459,False,,1653592825,2,2,0,0,0,3,1653579417,registered,19207934,,Unknown,,https://stackoverflow.com/users/19207934/kian,https://www.gravatar.com/avatar/c7837c304ab976e6a065c028ead9a8ed?s=256&d=identicon&r=PG&f=1,kian,2,0,0,Unknown,2022-05-26
25398585,False,,1654159321,2,2,0,0,0,3,1653584490,registered,19208478,,Unknown,,https://stackoverflow.com/users/19208478/srinath-reddy,https://lh3.googleusercontent.com/a-/AOh14Gioj2Iym0qcBt86gR-W-_jWzj39LezhLerESFe_FA=k-s256,srinath reddy,1,0,0,Unknown,2022-05-26
9467512,False,,1654020670,0,0,0,0,0,1,1476834606,registered,7039309,,Unknown,,https://stackoverflow.com/users/7039309/tyler-dalbora,https://lh3.googleusercontent.com/-1iuGXTC604c/AAAAAAAAAAI/AAAAAAAAJV4/gH_b4ejwngg/photo.jpg?sz=256,Tyler Dalbora,0,0,0,Unknown,2022-05-26
17619868,False,,1654096042,0,0,0,0,0,1,1580051133,registered,12786088,,"London, UK",,https://stackoverflow.com/users/12786088/charles-valencia-evans,https://www.gravatar.com/avatar/5512caa91b068d50195144d583f11c40?s=256&d=identicon&r=PG&f=1,Charles Valencia Evans,0,0,0,UK,2022-05-26
19392388,False,,1653540757,0,0,0,0,0,1,1598596882,registered,14180748,,Unknown,,https://stackoverflow.com/users/14180748/liam-crough,https://www.gravatar.com/avatar/dcff811e9f5366849d50b4653c8558fb?s=256&d=identicon&r=PG&f=1,Liam Crough,0,0,0,Unknown,2022-05-26
20258396,False,1640022300.0,1653645471,0,0,0,0,0,1,1608417102,registered,14857485,,Morocco,,https://stackoverflow.com/users/14857485/ali-soussi,https://i.stack.imgur.com/8w1QX.jpg?s=256&g=1,Ali Soussi,1,1,0,Morocco,2022-05-26
21880518,False,1624080000.0,1653683066,0,0,0,0,0,1,1623185309,registered,16168880,,Unknown,,https://stackoverflow.com/users/16168880/jones0207,https://www.gravatar.com/avatar/6f6fd4c3498caa29e08239f94e400497?s=256&d=identicon&r=PG&f=1,jones0207,1,0,0,Unknown,2022-05-26
23422661,False,1653587400.0,1654131441,0,0,0,0,0,1,1637613492,registered,17482629,,Unknown,,https://stackoverflow.com/users/17482629/%d0%a0%d1%83%d1%81%d0%bb%d0%b0%d0%bd-%d0%9f%d0%b8%d0%bb%d0%b8%d0%bf%d1%8e%d0%ba,https://lh3.googleusercontent.com/a-/AOh14GgIo-eNGgG7py7pVeahEXZH6ON1-047ouVQ7vFqnw=k-s256,Руслан Пилипюк,2,0,0,Unknown,2022-05-26
24523214,False,1647069600.0,1654139451,0,0,0,0,0,1,1646977595,registered,18435967,,Unknown,,https://stackoverflow.com/users/18435967/new,https://lh3.googleusercontent.com/a/AATXAJzSzEHDXZlDDo0iWLaOwlGbajAvrhjoCPYgPnBQ=k-s256,NEW,1,0,0,Unknown,2022-05-26
25276632,False,1654070700.0,1653998670,0,0,0,0,0,1,1652385454,registered,19105151,,Unknown,,https://stackoverflow.com/users/19105151/stanten-lee,https://graph.facebook.com/10159576576369564/picture?type=large,Stanten Lee,2,0,0,Unknown,2022-05-26
25343294,False,,1654167854,0,0,0,0,0,1,1653049705,registered,19161399,,Unknown,,https://stackoverflow.com/users/19161399/ankiz,https://www.gravatar.com/avatar/768318c5ac7e4bd08712d31e42f7264c?s=256&d=identicon&r=PG,Ankiz,1,0,0,Unknown,2022-05-26
25392212,False,,1654149418,0,0,0,0,0,1,1653532673,registered,19202970,,Unknown,,https://stackoverflow.com/users/19202970/%ec%a7%81%ec%9e%a5%ec%9d%b8,https://lh3.googleusercontent.com/a-/AOh14Gh8dKfgMjDivUE11xM4Nm6V_8eFGwm47FIwEfakxw=k-s256,직장인,1,0,0,Unknown,2022-05-26
25394496,False,,1654153860,0,0,0,0,0,1,1653553933,registered,19204968,,Unknown,,https://stackoverflow.com/users/19204968/vinayvst,https://lh3.googleusercontent.com/a-/AOh14GgFYaykD5wRt4eniFFcIZodx2rV86Gt0-SDp_dHrQ=k-s256,Vinayvst,1,0,0,Unknown,2022-05-26
25395132,False,,1654162601,0,0,0,0,0,1,1653558682,registered,19205524,,Unknown,,https://stackoverflow.com/users/19205524/pavel,https://www.gravatar.com/avatar/7f578eae1ea80995e7ddb432bc04c95d?s=256&d=identicon&r=PG,Pavel,1,0,0,Unknown,2022-05-26
25004467,False,,1654037042,0,0,0,0,0,1,1653585760,registered,19208608,,Unknown,,https://stackoverflow.com/users/19208608/nihad-huseynov,https://lh3.googleusercontent.com/a/AATXAJzFnDIbLWbk4zewYhfQeAcs5oewN8UEseti4Y6_=k-s256,Nihad Huseynov,1,0,0,Unknown,2022-05-26
25399791,False,,1653716390,0,0,0,0,0,1,1653594466,registered,19209485,,Unknown,,https://stackoverflow.com/users/19209485/srn,https://lh3.googleusercontent.com/a-/AOh14Gg8Tb9sHE1c1kZf9ppDTtP5KG7j_dGUsq_lbC1E=k-s256,srn,1,0,0,Unknown,2022-05-26
21309,False,1654088400.0,1654167667,11189,3409,85,289,10,123648,1231168548,registered,51685,,"Turku, Finland",https://akx.github.io/,https://stackoverflow.com/users/51685/akx,https://i.stack.imgur.com/vVhK5.jpg?s=256&g=1,AKX,138,99,12,Finland,2022-05-26
22202197,False,1654144500.0,1654135131,2398,1339,-11,150,2,13530,1635171533,registered,17242583,,US (UTC-06:00),,https://stackoverflow.com/users/17242583/richardec,https://www.gravatar.com/avatar/627edf3b31797186bbb99fda1ffc8ca6?s=256&d=identicon&r=PG,richardec,49,22,6,Unknown,2022-05-26
198917,False,1648511100.0,1653581802,52,20,0,0,0,4442,1274276885,registered,443878,62.0,Israel,,https://stackoverflow.com/users/443878/oopsuser,https://i.stack.imgur.com/YiNTB.jpg?s=256&g=1,OopsUser,64,38,7,Israel,2022-05-26
9968371,False,1654053600.0,1654167495,625,446,8,18,10,1780,1483548930,registered,7375347,,Unknown,,https://stackoverflow.com/users/7375347/tax-evader,https://www.gravatar.com/avatar/106e2e06e9c90364a5ddcd9040f77ba0?s=256&d=identicon&r=PG&f=1,tax evader,8,6,1,Unknown,2022-05-26
18326170,False,1653468600.0,1654107881,-4,-66,0,10,0,474,1587196007,registered,13345744,,"Berlin, Deutschland",https://christophriepe.com,https://stackoverflow.com/users/13345744/christophriepe,https://i.stack.imgur.com/XkD34.png?s=256&g=1,christophriepe,31,5,0,Unknown,2022-05-26
7051759,False,1653925200.0,1654161785,395,395,50,295,0,462,1443773960,registered,5400562,100.0,Unknown,,https://stackoverflow.com/users/5400562/thsorn,https://www.gravatar.com/avatar/724fe3a69fbfc66de293cde7e685045f?s=256&d=identicon&r=PG&f=1,ThSorn,7,3,0,Unknown,2022-05-26
18115510,False,1647312000.0,1654166584,22,20,0,0,0,441,1585672621,registered,13172208,,Unknown,,https://stackoverflow.com/users/13172208/matan,https://lh4.googleusercontent.com/-SV28GwjwhMk/AAAAAAAAAAI/AAAAAAAAAAA/AAKWJJPkV3YmU_xOQa-ZolzhKDEMfmjfsA/photo.jpg?sz=256,matan,10,2,0,Unknown,2022-05-26
24185242,False,1650745800.0,1654154279,344,209,0,0,0,345,1644265106,registered,18145256,,Unknown,,https://stackoverflow.com/users/18145256/rachwa,https://www.gravatar.com/avatar/5d7e3a791881756d23ab7631bf110a3b?s=256&d=identicon&r=PG,rachwa,11,1,0,Unknown,2022-05-26
10946324,False,1653440700.0,1654167265,14,14,0,0,0,135,1600364951,registered,14296038,,"Madrid, Espa&#241;a",http://luismarquez.es,https://stackoverflow.com/users/14296038/luis,https://www.gravatar.com/avatar/82314013f9501ad1e9997cf5fd9df763?s=256&d=identicon&r=PG&f=1,Luis,6,0,0,España,2022-05-26
20245287,False,1646074200.0,1654114725,42,10,0,0,0,125,1608264239,registered,14847960,,Unknown,,https://stackoverflow.com/users/14847960/birdman,https://www.gravatar.com/avatar/0b89cef78621a5c805771f023cb93771?s=256&d=identicon&r=PG&f=1,birdman,7,0,0,Unknown,2022-05-26
17708878,False,1584146101.0,1654162855,99,99,0,0,0,115,1581059702,registered,12856818,,Unknown,,https://stackoverflow.com/users/12856818/edward,https://www.gravatar.com/avatar/72b3e838cd651df67944592e973facca?s=256&d=identicon&r=PG&f=1,Edward,4,1,0,Unknown,2022-05-26
25394060,False,1653555878.0,1654167083,107,107,17,27,17,108,1653550438,registered,19204577,,UK,,https://stackoverflow.com/users/19204577/tom-b,https://www.gravatar.com/avatar/8c71c78031152b1ec40e13587fc0115b?s=256&d=identicon&r=PG,Tom B.,5,0,0,UK,2022-05-26
24110624,False,1651835101.0,1654163442,98,58,0,0,0,99,1643634522,registered,18081268,,Unknown,,https://stackoverflow.com/users/18081268/katja,https://lh3.googleusercontent.com/a/AATXAJwO0LU-AeEUOHJmK8rZRmk0WQxZ9sCzzWhT3G_e=k-s256,Katja,5,0,0,Unknown,2022-05-26
18054849,False,1653570001.0,1653882711,10,-2,0,0,0,45,1585153103,registered,13123580,,Unknown,,https://stackoverflow.com/users/13123580/peter,https://lh6.googleusercontent.com/-jcSVpx_16W0/AAAAAAAAAAI/AAAAAAAAAAA/AKF05nDJ45jkUT83Gkd0JHzMUrNpF1jRsg/photo.jpg?sz=256,Peter,6,1,1,Unknown,2022-05-26
17859472,False,1653703200.0,1654084285,38,38,0,8,0,39,1649338229,registered,18737111,,Unknown,,https://stackoverflow.com/users/18737111/gt1992,https://www.gravatar.com/avatar/cbf9a48dc2d121b65267dcbf021a2605?s=256&d=identicon&r=PG&f=1,GT1992,5,0,0,Unknown,2022-05-26
24278136,False,1645026320.0,1654158598,35,35,0,0,0,36,1645025457,registered,18225123,,Unknown,,https://stackoverflow.com/users/18225123/thi-double-c,https://www.gravatar.com/avatar/ce9df62eac25aeb987c874a89551fc89?s=256&d=identicon&r=PG,THI double C,3,1,0,Unknown,2022-05-26
15732579,False,,1654123690,30,30,0,20,0,31,1555084645,registered,11352550,,Unknown,,https://stackoverflow.com/users/11352550/pviola,https://www.gravatar.com/avatar/964fcfca4adc2f16b6a8628ce8dbdb97?s=256&d=identicon&r=PG&f=1,pviola,4,0,0,Unknown,2022-05-26
21076175,False,,1653829678,8,8,0,0,0,24,1616810108,registered,15491555,,Unknown,,https://stackoverflow.com/users/15491555/yashaswa-varshney,https://lh3.googleusercontent.com/a-/AOh14GhEF_u-JwN9iLubQZY6a41dWdGTkY-sEN2AgaAosw=k-s256,yashaswa varshney,3,0,0,Unknown,2022-05-26
15670937,False,1653570599.0,1653575802,20,20,0,0,0,21,1554316031,registered,11307477,,Unknown,,https://stackoverflow.com/users/11307477/jim-skra,https://lh4.googleusercontent.com/-NXcGZmKGzQQ/AAAAAAAAAAI/AAAAAAAAAAg/Dh1pObF1SMg/photo.jpg?sz=256,Jim Skra,5,0,0,Unknown,2022-05-26
12657575,False,,1653925391,12,12,0,0,0,17,1515601713,registered,9199604,,Unknown,,https://stackoverflow.com/users/9199604/saiham-rahman,https://lh3.googleusercontent.com/-K4CBniVnCNo/AAAAAAAAAAI/AAAAAAAAE6Y/vdEIm8zA_1s/photo.jpg?sz=256,Saiham Rahman,4,0,0,Unknown,2022-05-26
21731791,False,1644664800.0,1654150737,14,2,0,0,0,17,1622049196,registered,16040436,,Unknown,,https://stackoverflow.com/users/16040436/pavan,https://lh3.googleusercontent.com/a/AATXAJwDcvBswoaWTK1tU5JM3Y0AB7G6ZFwTAwNdO4Pj=k-s256,Pavan ,5,0,0,Unknown,2022-05-26
24579357,False,1650676500.0,1654161837,10,10,0,0,0,11,1647446107,registered,18484733,,Unknown,,https://stackoverflow.com/users/18484733/luigi-montaleone,https://lh3.googleusercontent.com/a-/AOh14Giw85aR0H3QJ3TG7ZuCaEuiixNguL7YoLJeklg4PQ=k-s256,Luigi Montaleone,1,0,0,Unknown,2022-05-26
24666440,False,,1653772150,10,10,0,0,0,11,1648073378,registered,18562015,,Unknown,,https://stackoverflow.com/users/18562015/adriano-guimaraes,https://lh3.googleusercontent.com/a/AATXAJzkVTFsKx9SZmAw6VjUsv-MfC05ZTIwt2b4cc4Q=k-s256,adriano guimaraes,2,0,0,Unknown,2022-05-26
18861097,False,1653564000.0,1654062767,8,-2,0,0,0,9,1592329891,registered,13757926,,Unknown,,https://stackoverflow.com/users/13757926/jaswanth-ksk,https://lh3.googleusercontent.com/a-/AOh14GivYKujSKKZyoGvesTBA3y-jm9jJ7IA2AoIKZeQ=k-s256,Jaswanth ksk,2,0,0,Unknown,2022-05-26
25387345,False,,1654123930,6,6,0,4,0,7,1653486660,registered,19198939,,Unknown,,https://stackoverflow.com/users/19198939/jo%c3%a3o-pedro,https://www.gravatar.com/avatar/184d00d368cbd02e5d3bacfb9170866e?s=256&d=identicon&r=PG,Jo&#227;o Pedro,4,0,0,Unknown,2022-05-26
24856176,False,1651728000.0,1654151357,2,2,0,0,0,3,1650848500,registered,18934252,,Unknown,,https://stackoverflow.com/users/18934252/am3487,https://www.gravatar.com/avatar/1acfb2529d1edcebca15d08d3e1be86c?s=256&d=identicon&r=PG,am3487,1,0,0,Unknown,2022-05-26
9646838,False,1648804522.0,1654098303,0,0,0,0,0,1,1479165345,registered,7159293,,Bristol,,https://stackoverflow.com/users/7159293/sam-r,https://i.stack.imgur.com/cczby.png?s=256&g=1,Sam R,3,0,0,Unknown,2022-05-26
25395859,False,,1653571962,0,0,0,0,0,1,1653564482,registered,19206139,,Unknown,,https://stackoverflow.com/users/19206139/joseff,https://www.gravatar.com/avatar/97cf458c0ef5f10374d8127f05d752ed?s=256&d=identicon&r=PG,Joseff,2,0,0,Unknown,2022-05-26
25397655,False,,1654134323,0,0,0,0,0,1,1653577375,registered,19207679,,Unknown,,https://stackoverflow.com/users/19207679/peterpan,https://www.gravatar.com/avatar/07e6a97e9b2a6585c88f4e2d349e7c42?s=256&d=identicon&r=PG,PeterPan,0,0,0,Unknown,2022-05-26
25399404,False,,1654038210,0,0,0,0,0,1,1653591030,registered,19209163,,Unknown,,https://stackoverflow.com/users/19209163/annapolis-20,https://www.gravatar.com/avatar/1cba08d369ab3a35c1c3e3ec4bf04d0f?s=256&d=identicon&r=PG,Annapolis_20,1,0,0,Unknown,2022-05-26
