tags,is_answered,view_count,accepted_answer_id,answer_count,score,last_activity_date,creation_date,question_id,content_license,link,title,owner_reputation,owner_user_id,owner_user_type,owner_profile_image,owner_display_name,owner_link,last_edit_date,closed_date,closed_reason,owner_accept_rate,insert_date
"datetime,pandas,pandas-groupby,python",True,35,72457907.0,2,3,1654068591,1653562290,72390629,CC BY-SA 4.0,https://stackoverflow.com/questions/72390629/pandas-groupby-mean-not-working-on-datetime-column,Pandas groupby mean not working on datetime column,1056,9182743,registered,https://www.gravatar.com/avatar/9306778cac4cc704a8931a04cf432bf9?s=256&d=identicon&r=PG,Leo,https://stackoverflow.com/users/9182743/leo,None,None,None,None,2022-05-26
"dataframe,numpy,pandas,python",True,32,72397140.0,4,2,1653596258,1653593541,72397109,CC BY-SA 4.0,https://stackoverflow.com/questions/72397109/python-dataframe-fill-text-in-certain-rows-if-other-columns-satisfied,Python dataframe: fill text in certain rows if other columns satisfied,2762,11922765,registered,https://www.gravatar.com/avatar/ed69b624cdb86e52caf0010e274df7b0?s=256&d=identicon&r=PG&f=1,Mainland,https://stackoverflow.com/users/11922765/mainland,1653596258.0,None,None,None,2022-05-26
"loops,multiple-conditions,pandas,python,rows",True,33,72388843.0,1,2,1653554959,1653552945,72388780,CC BY-SA 4.0,https://stackoverflow.com/questions/72388780/pandas-iterate-through-rows-based-on-multiple-conditions-and-then-subtract-from,pandas iterate through rows based on multiple conditions and then subtract from column?,65,18144711,registered,https://www.gravatar.com/avatar/84a06537e58a17634a667021475aa088?s=256&d=identicon&r=PG,Tahnee,https://stackoverflow.com/users/18144711/tahnee,None,None,None,None,2022-05-26
"pandas,python,python-3.x",True,110,72395099.0,4,2,1653583853,1653581864,72394943,CC BY-SA 4.0,https://stackoverflow.com/questions/72394943/filter-a-pandas-dataframe-columns-and-rows-using-values-from-a-dict,Filter a pandas dataframe columns and rows using values from a dict,35,17154354,registered,https://lh3.googleusercontent.com/a-/AOh14Gi-KJ7mYgppUA26Jgw94LZ9v7xPeQz5gRRrKP3W=k-s256,Ahmed Essam,https://stackoverflow.com/users/17154354/ahmed-essam,1653582078.0,None,None,None,2022-05-26
"dataframe,pandas,python",True,30,72394750.0,1,2,1653580925,1653577181,72393890,CC BY-SA 4.0,https://stackoverflow.com/questions/72393890/pivot-dataframe-such-that-unique-column-names-become-headers-and-unique-referenc,pivot dataframe such that unique column names become headers and unique references become index (sparse matrix),1738,7318120,registered,https://i.stack.imgur.com/sWhra.jpg?s=256&g=1,D.L,https://stackoverflow.com/users/7318120/d-l,1653579883.0,None,None,None,2022-05-26
"dataframe,dictionary,pandas,python,set",True,39,72389521.0,1,2,1653560734,1653556000,72389366,CC BY-SA 4.0,https://stackoverflow.com/questions/72389366/python-create-a-pandas-df-from-a-dict-columns-name-values-of-a-dict-value-in,"python Create a pandas DF from a dict. columns_name = values of a dict, value in df = 1 if the value is in the dict values else 0",35,11158538,registered,https://www.gravatar.com/avatar/f6ec96969304bd0684c8595bbd3b4561?s=256&d=identicon&r=PG&f=1,Salsa94,https://stackoverflow.com/users/11158538/salsa94,1653558865.0,None,None,None,2022-05-26
"pandas,python,python-3.x,tkinter",True,29,None,1,2,1653591835,1653571961,72392664,CC BY-SA 4.0,https://stackoverflow.com/questions/72392664/how-do-i-get-my-labels-in-the-open-file-methods-to-stay-and-not-disappear,How do I get my labels in the open_file methods to stay and not disappear?,43,12174980,registered,https://i.stack.imgur.com/2mPP2.jpg?s=256&g=1,codekage,https://stackoverflow.com/users/12174980/codekage,1653571996.0,None,None,None,2022-05-26
"csv,jupyter,pandas,python",True,36,None,1,2,1653570803,1653570495,72392341,None,https://stackoverflow.com/questions/72392341/how-can-i-make-pandas-read-my-csv-file-proparly-because-it-now-puts-every-value,How can I make Pandas read my csv file proparly because it now puts every value into the first column?,21,11307477,registered,https://lh4.googleusercontent.com/-NXcGZmKGzQQ/AAAAAAAAAAI/AAAAAAAAAAg/Dh1pObF1SMg/photo.jpg?sz=256,Jim Skra,https://stackoverflow.com/users/11307477/jim-skra,None,1653629007.0,Not suitable for this site,None,2022-05-26
"diacritics,pandas,pyspark,python",False,43,None,1,2,1653601691,1653590833,72396619,CC BY-SA 4.0,https://stackoverflow.com/questions/72396619/handling-umlauted-characters-in-pyspark,Handling Umlauted characters in PySpark,91,7476269,registered,https://www.gravatar.com/avatar/f6ed528f023f7e7607b1e57736692125?s=256&d=identicon&r=PG&f=1,Ayush Goyal,https://stackoverflow.com/users/7476269/ayush-goyal,1653597964.0,None,None,20.0,2022-05-26
"pandas,python",False,27,None,0,2,1653585366,1653582977,72395154,CC BY-SA 4.0,https://stackoverflow.com/questions/72395154/how-to-check-if-column-with-name-is-valid-by-regex,How to check if column with name is valid by regex?,87,19198235,registered,https://www.gravatar.com/avatar/56fd608eb58ec7ede93b94e92652d16e?s=256&d=identicon&r=PG,Mandalina,https://stackoverflow.com/users/19198235/mandalina,1653585366.0,None,None,None,2022-05-26
"data-science,pandas,python,xml",False,34,None,1,2,1653640443,1653552199,72388656,CC BY-SA 4.0,https://stackoverflow.com/questions/72388656/expanding-xml-data-column-in-pandas-dataframe-and-save-it-as-new-columns,Expanding XML data column in Pandas dataframe and save it as new columns,21,19204667,registered,https://www.gravatar.com/avatar/a92ddca49b52e21741a17093ed9210f3?s=256&d=identicon&r=PG,babyyoda,https://stackoverflow.com/users/19204667/babyyoda,None,None,None,None,2022-05-26
"excel,markdown,pandas,python",False,48,None,0,2,1653535690,1653531373,72385987,CC BY-SA 4.0,https://stackoverflow.com/questions/72385987/how-to-change-sub-string-color-of-a-row-of-a-data-frame,How to change sub-string color of a row of a data-frame?,1720,6907424,registered,https://www.gravatar.com/avatar/c98bd1b7f19d6de9dd1b972eac5d5167?s=256&d=identicon&r=PG&f=1,hafiz031,https://stackoverflow.com/users/6907424/hafiz031,1653535690.0,None,None,None,2022-05-26
"json,pandas,python",True,28,72385850.0,2,2,1653529954,1653528761,72385735,CC BY-SA 4.0,https://stackoverflow.com/questions/72385735/convert-pandas-dataframe-to-nested-json-without-nesting-as-lists,Convert Pandas dataframe to nested JSON (without nesting as lists),45,17129771,registered,https://www.gravatar.com/avatar/85e34c44612d0393c073167f14963371?s=256&d=identicon&r=PG,Wags,https://stackoverflow.com/users/17129771/wags,1653529504.0,None,None,None,2022-05-26
"join,pandas,python",True,43,72385761.0,3,1,1653796529,1653526119,72385537,CC BY-SA 4.0,https://stackoverflow.com/questions/72385537/how-to-join-in-pandas-on-a-date-b-date-and-then-taking-the-only-the-row-where-a,How to join in pandas on a.date&lt;=b.date and then taking the only the row where a.date is max?,39,14276532,registered,https://www.gravatar.com/avatar/804aefe44ea94b58382879f92597ad66?s=256&d=identicon&r=PG&f=1,lacrucec38x,https://stackoverflow.com/users/14276532/lacrucec38x,None,None,None,None,2022-05-26
"dataframe,dictionary,pandas",True,43,72397713.0,2,1,1653600549,1653594542,72397304,CC BY-SA 4.0,https://stackoverflow.com/questions/72397304/create-dictionary-from-pandas-dataframe,Create dictionary from pandas dataframe,15,4930877,registered,https://www.gravatar.com/avatar/249e7bbd4ad28b3e953901a7c7031597?s=256&d=identicon&r=PG&f=1,user350426,https://stackoverflow.com/users/4930877/user350426,None,None,None,None,2022-05-26
"dataframe,pandas,python,resample",True,19,72395919.0,1,1,1653586768,1653584848,72395569,CC BY-SA 4.0,https://stackoverflow.com/questions/72395569/resample-dataframe-and-divide-values-over-new-sample-frequency,resample dataframe and divide values over new sample frequency,165,13897544,registered,https://www.gravatar.com/avatar/827458896237603a7177dfd6801949f5?s=256&d=identicon&r=PG&f=1,normal_human,https://stackoverflow.com/users/13897544/normal-human,None,None,None,None,2022-05-26
"dataframe,pandas",True,29,None,3,1,1653576083,1653572333,72392770,CC BY-SA 4.0,https://stackoverflow.com/questions/72392770/pandas-dataframe-merge-without-duplicating-items,Pandas dataframe merge without duplicating items,4442,443878,registered,https://i.stack.imgur.com/YiNTB.jpg?s=256&g=1,OopsUser,https://stackoverflow.com/users/443878/oopsuser,None,None,None,62.0,2022-05-26
"pandas,python",True,28,72392372.0,2,1,1653572576,1653570174,72392267,CC BY-SA 4.0,https://stackoverflow.com/questions/72392267/pandas-create-a-color-for-each-two-value-pair,Pandas create a color for each two value pair,2072,221270,registered,https://www.gravatar.com/avatar/cf9ea3641a4e5ca694a8efa33198aad8?s=256&d=identicon&r=PG,honeymoon,https://stackoverflow.com/users/221270/honeymoon,None,None,None,90.0,2022-05-26
"pandas,python",True,53,72390844.0,2,1,1653678198,1653562982,72390776,CC BY-SA 4.0,https://stackoverflow.com/questions/72390776/creating-a-new-column-based-on-conditions-for-other-columns,Creating a new column based on conditions for other columns,33,18066556,registered,https://www.gravatar.com/avatar/2e4d7b642ae4751ca3422a555ac83168?s=256&d=identicon&r=PG,Abir,https://stackoverflow.com/users/18066556/abir,1653678198.0,None,None,None,2022-05-26
"dataframe,multi-index,numpy,pandas,python",True,66,72391140.0,2,1,1653657362,1653559041,72389994,CC BY-SA 4.0,https://stackoverflow.com/questions/72389994/pandas-multiindex-pair-only-for-top-and-bottom-n-rows,pandas multiIndex pair only for top and bottom n rows,5980,10829044,registered,https://lh3.googleusercontent.com/-XkVFAldxdns/AAAAAAAAAAI/AAAAAAAAAAA/AKxrwcYw7mFQ9BqeKrYJYmarsmObRK9Lsw/mo/photo.jpg?sz=256,The Great,https://stackoverflow.com/users/10829044/the-great,1653562379.0,None,None,None,2022-05-26
"dataframe,pandas,python",True,45,None,1,1,1653559134,1653554149,72389002,CC BY-SA 4.0,https://stackoverflow.com/questions/72389002/how-can-i-get-group-by-specific-row,How can I get group by specific row,11,19204871,registered,https://lh3.googleusercontent.com/a/AATXAJzoa8Y1_SY4xO6NDbjNvPdrz1FeaX6_5P0XJf7U=k-s256,sunghwan jang,https://stackoverflow.com/users/19204871/sunghwan-jang,1653559134.0,None,None,None,2022-05-26
"dataframe,dictionary,pandas,python",True,71,None,2,1,1653618740,1653597288,72397751,CC BY-SA 4.0,https://stackoverflow.com/questions/72397751/converting-keys-of-pandas-df-of-dictionaries-to-columns-and-values-as-data,Converting Keys of Pandas DF of Dictionaries to Columns and values as Data,65,17363182,registered,https://www.gravatar.com/avatar/03478b986a6bf0221130ac1940dee448?s=256&d=identicon&r=PG,redwytnblakII,https://stackoverflow.com/users/17363182/redwytnblakii,1653605747.0,None,None,None,2022-05-26
"pandas,python,python-3.x",True,44,72397943.0,2,1,1653661303,1653596376,72397613,CC BY-SA 4.0,https://stackoverflow.com/questions/72397613/rolling-sum-across-subsets,Rolling sum across subsets,97,14487374,registered,https://www.gravatar.com/avatar/1ee9152cf0bd2c71af6012d89313e572?s=256&d=identicon&r=PG&f=1,OldKingCole,https://stackoverflow.com/users/14487374/oldkingcole,1653659981.0,None,None,None,2022-05-26
"dask,nan,pandas,python",True,33,72397107.0,1,1,1653593523,1653592857,72396970,CC BY-SA 4.0,https://stackoverflow.com/questions/72396970/filling-nas-to-string-0-and-then-to-int-reverts-to-float,Filling NAs to string 0 and then to int reverts to float,433,8484885,registered,https://graph.facebook.com/1829741557043662/picture?type=large,James,https://stackoverflow.com/users/8484885/james,1653593293.0,None,None,None,2022-05-26
"dataframe,pandas,python,python-3.x,xlsxwriter",True,23,None,1,1,1653586215,1653584869,72395574,CC BY-SA 4.0,https://stackoverflow.com/questions/72395574/how-to-change-the-formatting-of-the-url-fields-when-exporting-from-pandas-to-exc,How to change the formatting of the URL fields when exporting from pandas to excel using xlsxwriter?,47,18032685,registered,https://www.gravatar.com/avatar/2a797b4aad8a5802ddfb0b208a299fb7?s=256&d=identicon&r=PG,Michal,https://stackoverflow.com/users/18032685/michal,None,None,None,None,2022-05-26
"pandas,python",True,34,None,2,1,1653585362,1653583508,72395263,CC BY-SA 4.0,https://stackoverflow.com/questions/72395263/create-lists-of-values-reading-data-from-csv-pandas,Create lists of values reading data from csv pandas,11,19160419,registered,https://lh3.googleusercontent.com/a/AATXAJw7E8leoOnI6N-23foQU1tymMcOWEj38vgeHDay=k-s256,batardavelo,https://stackoverflow.com/users/19160419/batardavelo,None,None,None,None,2022-05-26
"pandas,python",True,43,72417788.0,1,1,1653758675,1653579572,72394438,CC BY-SA 4.0,https://stackoverflow.com/questions/72394438/can-i-modify-pd-series-value-counts-so-that-by-default-dropna-false,Can I modify pd.Series.value_counts so that by default `dropna=False`?,86,11194619,registered,https://www.gravatar.com/avatar/9d927dac8a196d7689336f4c41bad361?s=256&d=identicon&r=PG&f=1,owen,https://stackoverflow.com/users/11194619/owen,None,None,None,None,2022-05-26
"csv,json,jupyter,pandas,python",True,21,None,1,1,1653570630,1653570305,72392299,CC BY-SA 4.0,https://stackoverflow.com/questions/72392299/i-was-converting-my-csv-file-to-json-using-pandas-but-i-get-the-error-from-jupy,"I was converting my CSV file to JSON using pandas but, I get the error from Jupyter TypeError: to_json() got an unexpected keyword argument &#39;indent&#39;",11,13039986,registered,https://graph.facebook.com/2740526376068184/picture?type=large,Umar Ali Siddiqui,https://stackoverflow.com/users/13039986/umar-ali-siddiqui,None,None,None,None,2022-05-26
"conditional-statements,datetime,pandas,python,sum",True,36,72392021.0,1,1,1653582275,1653568201,72391840,CC BY-SA 4.0,https://stackoverflow.com/questions/72391840/if-values-in-multiple-columns-match-another-dataframe-get-sum-based-on-range-of,"If values in multiple columns match another dataframe, get sum based on range of dates pandas",301,12748319,registered,https://i.stack.imgur.com/k8MGg.jpg?s=256&g=1,ker_laeda86,https://stackoverflow.com/users/12748319/ker-laeda86,1653571313.0,None,None,None,2022-05-26
"dataframe,pandas,pandas-groupby",True,23,72391805.0,1,1,1653569839,1653566382,72391472,CC BY-SA 4.0,https://stackoverflow.com/questions/72391472/how-to-merge-multiple-row-into-one-row-given-two-column,How to merge multiple row into one row given two column?,33,8849216,registered,https://graph.facebook.com/528783964131033/picture?type=large,Nicolas,https://stackoverflow.com/users/8849216/nicolas,1653569839.0,None,None,None,2022-05-26
"dataframe,pandas,python,string",True,31,72391068.0,1,1,1653564436,1653563970,72390987,CC BY-SA 4.0,https://stackoverflow.com/questions/72390987/dataframe-take-rows-that-have-exactly-one-occurence-of-a-value-from-list,Dataframe take rows that have exactly one occurence of a value from list,69,18895773,registered,https://lh3.googleusercontent.com/a/AATXAJzzNjI0BHwycYSPtL0Ry6CiBCL-wTf-zD_RgyEt=k-s256,Petar Ulev,https://stackoverflow.com/users/18895773/petar-ulev,1653564276.0,None,None,None,2022-05-26
"dataframe,multi-index,numpy,pandas,python",True,25,72389599.0,1,1,1653557542,1653556927,72389561,CC BY-SA 4.0,https://stackoverflow.com/questions/72389561/pandas-multindex-from-product-ignore-same-row-comparison,pandas multIndex from product - ignore same row comparison,5980,10829044,registered,https://lh3.googleusercontent.com/-XkVFAldxdns/AAAAAAAAAAI/AAAAAAAAAAA/AKxrwcYw7mFQ9BqeKrYJYmarsmObRK9Lsw/mo/photo.jpg?sz=256,The Great,https://stackoverflow.com/users/10829044/the-great,None,None,None,None,2022-05-26
"dataframe,numpy,pandas,pandas-groupby,python",True,43,72387204.0,1,1,1653551741,1653542982,72387117,CC BY-SA 4.0,https://stackoverflow.com/questions/72387117/dynamic-top-3-and-percentage-total-using-pandas-groupby,Dynamic top 3 and percentage total using pandas groupby,5980,10829044,registered,https://lh3.googleusercontent.com/-XkVFAldxdns/AAAAAAAAAAI/AAAAAAAAAAA/AKxrwcYw7mFQ9BqeKrYJYmarsmObRK9Lsw/mo/photo.jpg?sz=256,The Great,https://stackoverflow.com/users/10829044/the-great,1653546716.0,None,None,None,2022-05-26
"dataframe,pandas,python",True,28,72386898.0,1,1,1653560453,1653541118,72386876,CC BY-SA 4.0,https://stackoverflow.com/questions/72386876/problem-with-converting-matplotlib-plot-into-a-pd-dataframe,Problem with Converting matplotlib plot into a PD Dataframe?,33,14622342,registered,https://lh3.googleusercontent.com/a-/AOh14Ggwp6SbTv2hCk9WoBg9N6Z1-ZK04-iddXqiTMHHMA=k-s256,Imtiaz Shuvo,https://stackoverflow.com/users/14622342/imtiaz-shuvo,1653560453.0,None,None,None,2022-05-26
"dataframe,pandas,python-3.x,regex",True,44,72386830.0,3,1,1653564818,1653537705,72386538,CC BY-SA 4.0,https://stackoverflow.com/questions/72386538/what-is-the-regex-expression-for-substituting-every-second-occurrence-of-a-word,What is the Regex expression for substituting every second occurrence of a word in a string?,17,9199604,registered,https://lh3.googleusercontent.com/-K4CBniVnCNo/AAAAAAAAAAI/AAAAAAAAE6Y/vdEIm8zA_1s/photo.jpg?sz=256,Saiham Rahman,https://stackoverflow.com/users/9199604/saiham-rahman,1653564818.0,None,None,None,2022-05-26
pandas,False,28,None,3,1,1653627765,1653607422,72398987,CC BY-SA 4.0,https://stackoverflow.com/questions/72398987/combine-unequal-length-lists-to-dataframe-pandas-with-values-repeating,Combine unequal length lists to dataframe pandas with values repeating,696,9938682,registered,https://graph.facebook.com/10204840077717533/picture?type=large,Sayonti ,https://stackoverflow.com/users/9938682/sayonti,1653607820.0,None,None,None,2022-05-26
"dataframe,pandas,styler",False,39,None,0,1,1653619914,1653605661,72398802,CC BY-SA 4.0,https://stackoverflow.com/questions/72398802/manipulating-data-after-styling,Manipulating data after styling,11,19210181,registered,https://www.gravatar.com/avatar/34b257305f7a9e8d639e9598ea5d5d19?s=256&d=identicon&r=PG,user19210181,https://stackoverflow.com/users/19210181/user19210181,1653619914.0,None,None,None,2022-05-26
"dataframe,datetime,pandas,python",False,27,None,2,1,1653619418,1653603928,72398605,CC BY-SA 4.0,https://stackoverflow.com/questions/72398605/segmenting-a-dataframe-based-on-date-with-datetime-column-python,Segmenting a dataframe based on date with datetime column. Python,11,18444980,registered,https://lh3.googleusercontent.com/a/AATXAJyqs-55xaouMsSvwzXkhn2XorEI-kRIl3SAH5SQ=k-s256,rzan1,https://stackoverflow.com/users/18444980/rzan1,1653603952.0,None,None,None,2022-05-26
"dataframe,pandas,python",False,84,None,1,1,1653942469,1653586062,72395774,CC BY-SA 4.0,https://stackoverflow.com/questions/72395774/python-data-munging-differences-in-data-frames,Python Data Munging | Differences in Data Frames,105,18084286,registered,https://www.gravatar.com/avatar/3d5db60c5c6a78f8f5c1b4efff60b3d9?s=256&d=identicon&r=PG,HelpMeCode,https://stackoverflow.com/users/18084286/helpmecode,1653671779.0,None,None,None,2022-05-26
"optimization,pandas,python,python-3.x",False,62,None,0,1,1653582586,1653579722,72394475,CC BY-SA 4.0,https://stackoverflow.com/questions/72394475/reduce-runtime-by-simplifying-a-piece-of-code-which-i-am-using-at-many-places-in,Reduce runtime by simplifying a piece of code which I am using at many places in my solution?,21,8898382,registered,https://graph.facebook.com/10205955903737205/picture?type=large,Vidisha Kanodia,https://stackoverflow.com/users/8898382/vidisha-kanodia,1653582586.0,None,None,None,2022-05-26
"dataframe,excel,jupyter-notebook,pandas,python",False,28,None,0,1,1653578855,1653577727,72394005,CC BY-SA 4.0,https://stackoverflow.com/questions/72394005/save-excel-file-to-local-storage-from-jupyter-using-python,Save excel file to local storage from Jupyter using python,41,18734161,registered,https://www.gravatar.com/avatar/6ca21a463f5744d24bc10accad016a91?s=256&d=identicon&r=PG&f=1,user18734161,https://stackoverflow.com/users/18734161/user18734161,1653578795.0,None,None,None,2022-05-26
"pandas,python",False,36,None,2,1,1653580493,1653576466,72393730,CC BY-SA 4.0,https://stackoverflow.com/questions/72393730/how-get-first-line-from-pandas-and-iterate-columns-values,How get first line from Pandas and iterate columns values?,11,19207546,registered,https://www.gravatar.com/avatar/97cf458c0ef5f10374d8127f05d752ed?s=256&d=identicon&r=PG,Nanina,https://stackoverflow.com/users/19207546/nanina,1653577364.0,None,None,None,2022-05-26
"pandas,parquet,python",False,22,None,0,1,1653576881,1653576448,72393724,CC BY-SA 4.0,https://stackoverflow.com/questions/72393724/how-to-read-multiple-parquet-files-from-a-directory-without-concatenating-the-cr,How to read multiple parquet files from a directory without concatenating the created dfs?,11,19207489,registered,https://www.gravatar.com/avatar/001bc831817040e0baf69df207a8cd9e?s=256&d=identicon&r=PG,Pylot,https://stackoverflow.com/users/19207489/pylot,1653576881.0,None,None,None,2022-05-26
"jupyter-notebook,pandas,python,python-3.x",True,50,72394542.0,1,1,1653588907,1653576257,72393672,None,https://stackoverflow.com/questions/72393672/highlight-rows-in-dataframe-based-on-condition,Highlight rows in dataframe based on condition,27,19095548,registered,https://lh3.googleusercontent.com/a/AATXAJyIT4_M7XdQe6CCKl9Iol2P1tYMd3Yec8gOEGOw=k-s256,donald smith,https://stackoverflow.com/users/19095548/donald-smith,1653577102.0,1653618534.0,Duplicate,None,2022-05-26
"pandas,python,split,string,tableau-desktop",False,46,None,2,1,1653574663,1653570031,72392239,CC BY-SA 4.0,https://stackoverflow.com/questions/72392239/how-to-count-on-check-all-that-apply-options,How to count on Check all that apply options?,311,11001783,registered,https://i.stack.imgur.com/mFr0b.gif?s=256&g=1,Sandy,https://stackoverflow.com/users/11001783/sandy,None,None,None,None,2022-05-26
"pandas,python",True,14,72389553.0,1,1,1653556912,1653556641,72389493,CC BY-SA 4.0,https://stackoverflow.com/questions/72389493/replacing-values-in-pandas-dataframe-using-values-in-a-list,Replacing values in pandas dataframe using values in a list,46,18790246,registered,https://www.gravatar.com/avatar/ba1a4389ad7b2c3c62cce3263e0023d6?s=256&d=identicon&r=PG&f=1,GeekGroot,https://stackoverflow.com/users/18790246/geekgroot,None,None,None,None,2022-05-26
"pandas,python",True,26,72386948.0,1,1,1653920405,1653541518,72386928,CC BY-SA 4.0,https://stackoverflow.com/questions/72386928/apply-function-on-dataframe-returns-rangeindex-error,Apply Function on Dataframe Returns RangeIndex Error,19,13008656,registered,https://www.gravatar.com/avatar/6b278a2d642214842adf4b17b8bbcca2?s=256&d=identicon&r=PG&f=1,ToddE,https://stackoverflow.com/users/13008656/todde,1653920405.0,None,None,None,2022-05-26
"csv,dataframe,dataset,pandas,python",False,38,None,1,1,1653790986,1653576607,72393760,CC BY-SA 4.0,https://stackoverflow.com/questions/72393760/read-and-concat-a-lot-of-csv-files-using-pandas,Read and concat a lot of csv files using pandas,11,18484733,registered,https://lh3.googleusercontent.com/a-/AOh14Giw85aR0H3QJ3TG7ZuCaEuiixNguL7YoLJeklg4PQ=k-s256,Luigi Montaleone,https://stackoverflow.com/users/18484733/luigi-montaleone,None,None,None,None,2022-05-26
"pandas,python",True,45,72399193.0,2,0,1653612251,1653609088,72399150,CC BY-SA 4.0,https://stackoverflow.com/questions/72399150/numbers-between-2-columns-of-integers,Numbers Between 2 Columns of Integers,105,18084286,registered,https://www.gravatar.com/avatar/3d5db60c5c6a78f8f5c1b4efff60b3d9?s=256&d=identicon&r=PG,HelpMeCode,https://stackoverflow.com/users/18084286/helpmecode,1653612251.0,None,None,None,2022-05-26
"average,dataframe,pandas,python",True,55,72401879.0,2,0,1653636309,1653566437,72391484,CC BY-SA 4.0,https://stackoverflow.com/questions/72391484/groupby-and-average-python,Groupby and average - Python,17,16040436,registered,https://lh3.googleusercontent.com/a/AATXAJwDcvBswoaWTK1tU5JM3Y0AB7G6ZFwTAwNdO4Pj=k-s256,Pavan ,https://stackoverflow.com/users/16040436/pavan,1653635552.0,None,None,None,2022-05-26
"pandas,python",True,42,72398220.0,3,0,1653619869,1653600477,72398194,CC BY-SA 4.0,https://stackoverflow.com/questions/72398194/how-to-replace-part-of-string-with-python-pandas,How to replace part of string with python pandas?,83,18441047,registered,https://lh3.googleusercontent.com/a/AATXAJySsBIqG0K8hFVm2EsutYakiqLXIVhNqdDykTWv=k-s256,Firefoxer,https://stackoverflow.com/users/18441047/firefoxer,1653600655.0,None,None,None,2022-05-26
"pandas,python",True,34,None,2,0,1653637418,1653590085,72396500,CC BY-SA 4.0,https://stackoverflow.com/questions/72396500/why-replace-substring-does-not-work-in-pandas-dataframe,Why replace substring does not work in Pandas dataframe?,87,19198235,registered,https://www.gravatar.com/avatar/56fd608eb58ec7ede93b94e92652d16e?s=256&d=identicon&r=PG,Mandalina,https://stackoverflow.com/users/19198235/mandalina,None,None,None,None,2022-05-26
"dataframe,json,pandas,python",True,28,72395387.0,1,0,1653584272,1653583650,72395299,CC BY-SA 4.0,https://stackoverflow.com/questions/72395299/transforming-multiple-columns-into-a-list-of-nested-dictionaries-in-pandas,Transforming multiple columns into a list of nested dictionaries in pandas,389,10713420,registered,https://www.gravatar.com/avatar/8f3c12120e47a4e448654f110ca0ae28?s=256&d=identicon&r=PG&f=1,NAB0815,https://stackoverflow.com/users/10713420/nab0815,1653584272.0,None,None,None,2022-05-26
"pandas,python",True,43,72393579.0,3,0,1653575888,1653573052,72392929,CC BY-SA 4.0,https://stackoverflow.com/questions/72392929/list-object-has-no-attribute-to-csv,list&#39; object has no attribute &#39;to_csv,99,18081268,registered,https://lh3.googleusercontent.com/a/AATXAJwO0LU-AeEUOHJmK8rZRmk0WQxZ9sCzzWhT3G_e=k-s256,Katja,https://stackoverflow.com/users/18081268/katja,1653575633.0,None,None,None,2022-05-26
"dataframe,pandas,python",True,52,72391830.0,2,0,1653570420,1653563965,72390986,CC BY-SA 4.0,https://stackoverflow.com/questions/72390986/pandas-dataframe-list-iteration-with-datetime,Pandas dataframe list iteration with datetime,433,10314605,registered,https://lh4.googleusercontent.com/-lQv_GNCHeBk/AAAAAAAAAAI/AAAAAAAAAAA/APUIFaMfTA0X4kPYnQ3XeMnuWVMD18O9RA/mo/photo.jpg?sz=256,pythonNinja,https://stackoverflow.com/users/10314605/pythonninja,1653565951.0,None,None,None,2022-05-26
pandas,True,32,72387704.0,2,0,1653920329,1653546708,72387661,CC BY-SA 4.0,https://stackoverflow.com/questions/72387661/how-to-use-np-where-nested-in-data-frame-with-pandas,How to use np.where nested in data frame with pandas?,39,14276532,registered,https://www.gravatar.com/avatar/804aefe44ea94b58382879f92597ad66?s=256&d=identicon&r=PG&f=1,lacrucec38x,https://stackoverflow.com/users/14276532/lacrucec38x,1653920329.0,None,None,None,2022-05-26
"dictionary,json,pandas,python,sorting",True,48,None,1,0,1653608794,1653606349,72398882,CC BY-SA 4.0,https://stackoverflow.com/questions/72398882/prevent-todict-sorting-keys,Prevent toDict sorting keys,59,17710490,registered,https://www.gravatar.com/avatar/c89a86ebb82ad927cc405341e80d2a4c?s=256&d=identicon&r=PG,crazyDev,https://stackoverflow.com/users/17710490/crazydev,1653607211.0,None,None,None,2022-05-26
"lambda,pandas,python",True,26,72399073.0,4,0,1653608222,1653601157,72398290,CC BY-SA 4.0,https://stackoverflow.com/questions/72398290/change-first-section-of-value-in-dataframe-with-another-value,Change first section of value in dataframe with another value,41,16456795,registered,https://lh3.googleusercontent.com/a/AATXAJxyaVFHN97RSPKJssguc6ZEkNBKG__00C37uEAu=k-s256,davida28,https://stackoverflow.com/users/16456795/davida28,None,None,None,None,2022-05-26
"pandas,python",True,33,72398478.0,1,0,1653602959,1653598915,72397970,CC BY-SA 4.0,https://stackoverflow.com/questions/72397970/insert-2-blank-rows-in-df-by-group,Insert 2 Blank Rows In DF by Group,87,14443410,registered,https://www.gravatar.com/avatar/13ea9a9131ae88030d1468c89e38b73b?s=256&d=identicon&r=PG&f=1,Tickets2Moontown,https://stackoverflow.com/users/14443410/tickets2moontown,1653600532.0,None,None,None,2022-05-26
"dataframe,pandas,python",True,31,None,1,0,1653599109,1653598615,72397937,CC BY-SA 4.0,https://stackoverflow.com/questions/72397937/how-to-search-for-a-word-or-string-inside-a-pandas-dataframe-column,How to search for a word or string inside a pandas dataframe column?,71,17906841,registered,https://www.gravatar.com/avatar/78700a280cac97b102f2e5a4fa8d6435?s=256&d=identicon&r=PG,valentim.kodak,https://stackoverflow.com/users/17906841/valentim-kodak,1653598972.0,None,None,None,2022-05-26
"pandas,python",True,50,None,4,0,1653599322,1653596511,72397643,CC BY-SA 4.0,https://stackoverflow.com/questions/72397643/add-grouped-percentiles-to-a-pandas-dataframe,Add grouped percentiles to a pandas DataFrame,6751,1472253,registered,https://www.gravatar.com/avatar/cbd59e323ca96a9b4fdf3065590ecd0e?s=256&d=identicon&r=PG,Andrew Brēza,https://stackoverflow.com/users/1472253/andrew-br%c4%93za,None,None,None,100.0,2022-05-26
"dataformat,dataframe,formatting,pandas,python",True,29,72397188.0,1,0,1653594036,1653592072,72396835,CC BY-SA 4.0,https://stackoverflow.com/questions/72396835/data-splitting-melting-and-transformation-in-python,"Data Splitting, Melting, and Transformation in Python",105,18084286,registered,https://www.gravatar.com/avatar/3d5db60c5c6a78f8f5c1b4efff60b3d9?s=256&d=identicon&r=PG,HelpMeCode,https://stackoverflow.com/users/18084286/helpmecode,None,None,None,None,2022-05-26
"pandas,python",True,16,72396490.0,1,0,1653590007,1653589475,72396405,CC BY-SA 4.0,https://stackoverflow.com/questions/72396405/pandas-convert-timestamp-in-a-dynamic-way,pandas convert timestamp in a dynamic way,906,10580574,registered,https://www.gravatar.com/avatar/8d507cfae0e9a819acd0b1af9787505e?s=256&d=identicon&r=PG&f=1,Coder,https://stackoverflow.com/users/10580574/coder,None,None,None,None,2022-05-26
"pandas,pandas-groupby",True,15,None,1,0,1653590250,1653589441,72396401,CC BY-SA 4.0,https://stackoverflow.com/questions/72396401/how-to-group-by-with-sum-transformation,How to group by with sum transformation,19,18808414,registered,https://www.gravatar.com/avatar/a40daf5cd7da164f96d16d474a74e64e?s=256&d=identicon&r=PG,Ruslan Pylypyuk,https://stackoverflow.com/users/18808414/ruslan-pylypyuk,1653589810.0,None,None,None,2022-05-26
"pandas,python-3.x,regex",True,17,72396376.0,2,0,1653589451,1653589014,72396318,CC BY-SA 4.0,https://stackoverflow.com/questions/72396318/how-to-only-select-the-very-next-string-after-target-string-but-the-next-string,"How to only select the very next string after target string but the next string after the target string, regardless of punctation?",3072,3277133,registered,https://www.gravatar.com/avatar/887c8d5491e0f4976fd0b261644f89ba?s=256&d=identicon&r=PG&f=1,RustyShackleford,https://stackoverflow.com/users/3277133/rustyshackleford,None,None,None,88.0,2022-05-26
"numpy-ndarray,pandas,python,series,sorting",True,29,72396395.0,3,0,1653593301,1653588827,72396287,CC BY-SA 4.0,https://stackoverflow.com/questions/72396287/sort-pandas-series-both-on-values-and-index,Sort pandas Series both on values and index,3,19207934,registered,https://www.gravatar.com/avatar/c7837c304ab976e6a065c028ead9a8ed?s=256&d=identicon&r=PG&f=1,kian,https://stackoverflow.com/users/19207934/kian,1653589587.0,None,None,None,2022-05-26
"pandas,pandas-groupby,python",True,26,72396004.0,1,0,1653587255,1653586251,72395807,CC BY-SA 4.0,https://stackoverflow.com/questions/72395807/python-function-used-with-pandas-groupbyaggregate,Python function used with pandas groupby&amp;aggregate,31,10403134,registered,https://www.gravatar.com/avatar/9b9455b7a51f38b18ddea740e5e4d89e?s=256&d=identicon&r=PG&f=1,Andy,https://stackoverflow.com/users/10403134/andy,None,None,None,None,2022-05-26
"pandas,python,xlsx",True,30,72396090.0,1,0,1653590769,1653583622,72395294,CC BY-SA 4.0,https://stackoverflow.com/questions/72395294/valueerror-length-mismatch-when-tried-to-read-multiple-xlsx-files-with-multip,ValueError: Length mismatch - when tried to read multiple xlsx files with multiple sheets in pandas?,518,7114383,registered,https://www.gravatar.com/avatar/c30d586b847851face8e38abc056bdb8?s=256&d=identicon&r=PG&f=1,Hamilton,https://stackoverflow.com/users/7114383/hamilton,1653586202.0,None,None,85.0,2022-05-26
"dataframe,pandas,python",True,43,72402493.0,1,0,1653639652,1653581909,72394950,CC BY-SA 4.0,https://stackoverflow.com/questions/72394950/how-to-fix-date-time-format-in-pandas-python,How to fix date time format in Pandas Python,24,15491555,registered,https://lh3.googleusercontent.com/a-/AOh14GhEF_u-JwN9iLubQZY6a41dWdGTkY-sEN2AgaAosw=k-s256,yashaswa varshney,https://stackoverflow.com/users/15491555/yashaswa-varshney,1653582848.0,None,None,None,2022-05-26
"dataframe,pandas,python",True,30,72393105.0,2,0,1653573834,1653572990,72392921,CC BY-SA 4.0,https://stackoverflow.com/questions/72392921/how-to-have-create-more-than-one-header-in-pandas-python,How to have create more than one header in pandas python?,3,19206998,registered,https://www.gravatar.com/avatar/3d5334171a8ce28d14920781fbb129c7?s=256&d=identicon&r=PG,Hadi,https://stackoverflow.com/users/19206998/hadi,None,None,None,None,2022-05-26
"csv,decimal,pandas,precision,python",True,42,72393063.0,3,0,1653575069,1653572339,72392772,CC BY-SA 4.0,https://stackoverflow.com/questions/72392772/pd-read-csv-keep-number-of-decimals,pd.read_csv() keep number of decimals,3,18070910,registered,https://lh3.googleusercontent.com/a-/AOh14GgYXASc7svpSLWBz0qXiTtu0kVR1h786TAONXPW=k-s256,arkriger,https://stackoverflow.com/users/18070910/arkriger,None,None,None,None,2022-05-26
"dataframe,pandas,python",True,21,72392608.0,1,0,1653571715,1653570736,72392394,None,https://stackoverflow.com/questions/72392394/what-is-the-syntax-for-removing-duplicate-rows-in-pandas-where-all-of-the-colum,What is the syntax for removing duplicate rows in pandas (where all of the columns match)?,33,19143736,registered,https://www.gravatar.com/avatar/5ffab32f9bb99da07a9623b3d23d9333?s=256&d=identicon&r=PG,Nicodeno S,https://stackoverflow.com/users/19143736/nicodeno-s,1653571715.0,1653574442.0,Not suitable for this site,None,2022-05-26
"csv,dataframe,loops,pandas,python",True,42,None,1,0,1653585328,1653569451,72392111,CC BY-SA 4.0,https://stackoverflow.com/questions/72392111/loop-in-python-pandas-to-modify-all-csvs-in-folder,Loop in python pandas to modify all CSV&#39;s in folder,25,18862291,registered,https://www.gravatar.com/avatar/ed3047d7d917cf81347b0d80294d0c71?s=256&d=identicon&r=PG&f=1,marley01,https://stackoverflow.com/users/18862291/marley01,1653585328.0,None,None,None,2022-05-26
"networkx,pandas,python",True,28,None,1,0,1653631119,1653569106,72392034,CC BY-SA 4.0,https://stackoverflow.com/questions/72392034/how-to-find-all-the-nodes-that-are-4-steps-away-from-the-source-node,how to find all the nodes that are 4 steps away from the source node?,441,13172208,registered,https://lh4.googleusercontent.com/-SV28GwjwhMk/AAAAAAAAAAI/AAAAAAAAAAA/AAKWJJPkV3YmU_xOQa-ZolzhKDEMfmjfsA/photo.jpg?sz=256,matan,https://stackoverflow.com/users/13172208/matan,None,None,None,None,2022-05-26
"pandas,python",True,25,72392138.0,1,0,1653570212,1653568856,72391983,CC BY-SA 4.0,https://stackoverflow.com/questions/72391983/how-to-calculate-unique-rows-with-values-in-pandas,How to calculate unique rows with values in pandas,19,18808414,registered,https://www.gravatar.com/avatar/a40daf5cd7da164f96d16d474a74e64e?s=256&d=identicon&r=PG,Ruslan Pylypyuk,https://stackoverflow.com/users/18808414/ruslan-pylypyuk,1653570212.0,None,None,None,2022-05-26
"dataframe,numpy,pandas,python",True,41,72391682.0,1,0,1653568075,1653563668,72390929,CC BY-SA 4.0,https://stackoverflow.com/questions/72390929/convert-year-month-into-date-while-groupby,Convert year-month into Date while GroupBy,2010,3120129,registered,https://i.stack.imgur.com/9kgKm.jpg?s=256&g=1,10101,https://stackoverflow.com/users/3120129/10101,1653568075.0,None,None,73.0,2022-05-26
"dataframe,numpy,pandas,python,python-3.x",True,45,None,3,0,1653598072,1653562990,72390780,CC BY-SA 4.0,https://stackoverflow.com/questions/72390780/reading-three-tables-from-same-file-in-different-dataframes-in-pandas,Reading three tables from same file in different Dataframes in pandas,59,18127596,registered,https://www.gravatar.com/avatar/2e1f5b1fa7ebe8790bd36ca9f57d68c8?s=256&d=identicon&r=PG,Mohit,https://stackoverflow.com/users/18127596/mohit,1653593546.0,None,None,None,2022-05-26
"background-color,colors,dataframe,pandas,python",True,33,None,2,0,1653574163,1653561819,72390538,CC BY-SA 4.0,https://stackoverflow.com/questions/72390538/how-to-change-the-color-of-a-dataframe-header-with-python-pandas,How to change the color of a dataframe header with python pandas,29,17520196,registered,https://lh3.googleusercontent.com/a/AATXAJxOtReGjJ-3uxWpnD8BBshcrZnsW-GOnTrx_xMH=k-s256,acolyter11,https://stackoverflow.com/users/17520196/acolyter11,None,None,None,None,2022-05-26
"pandas,python",True,50,72396209.0,1,0,1653588345,1653560604,72390310,CC BY-SA 4.0,https://stackoverflow.com/questions/72390310/valueerror-columns-must-be-same-length-as-key-why-can-i-not-use-pd-cut-on-a,ValueError: Columns must be same length as key - why can I not use pd.cut() on a list of numbers,1193,8407951,registered,https://www.gravatar.com/avatar/22ac0be4f472b5379a2175a668266f83?s=256&d=identicon&r=PG&f=1,Slowat_Kela,https://stackoverflow.com/users/8407951/slowat-kela,None,None,None,62.0,2022-05-26
"csv,edit,pandas,python",True,46,72392320.0,2,0,1653570396,1653558910,72389964,CC BY-SA 4.0,https://stackoverflow.com/questions/72389964/python-csv-check-fields-with-same-id-in-column-if-value-is-null-in-another-colum,Python CSV check fields with same id in column if value is null in another column,91,12229912,registered,https://lh3.googleusercontent.com/a-/AAuE7mAr_BGCQBVNlv2bzG10TxaFCVzyycGdHrN6SH34=k-s256,Reda Khalaf,https://stackoverflow.com/users/12229912/reda-khalaf,1653559380.0,None,None,None,2022-05-26
"dataframe,pandas,python",True,29,None,1,0,1653557930,1653557668,72389708,CC BY-SA 4.0,https://stackoverflow.com/questions/72389708/dataframe-query-result-to-string,Dataframe query result to string,627,6210219,registered,https://www.gravatar.com/avatar/d7700dd655c9a2b6261ed505893bc391?s=256&d=identicon&r=PG&f=1,Sati,https://stackoverflow.com/users/6210219/sati,None,None,None,94.0,2022-05-26
"apache-spark,pandas,pyspark,python",True,88,72391090.0,1,0,1653599565,1653556094,72389385,CC BY-SA 4.0,https://stackoverflow.com/questions/72389385/how-to-load-complex-data-using-pyspark,How to load complex data using Pyspark,422,9363181,registered,https://www.gravatar.com/avatar/edb36784a3f70301c84c54544de9de8e?s=256&d=identicon&r=PG&f=1,RushHour,https://stackoverflow.com/users/9363181/rushhour,1653557337.0,None,None,None,2022-05-26
"comparison,multiple-columns,pandas,python-3.9",True,22,72389890.0,1,0,1653558562,1653552687,72388739,CC BY-SA 4.0,https://stackoverflow.com/questions/72388739/python-pandas-match-2-columns-from-2-files-to-fill-values-in-a-file,Python Pandas Match 2 columns from 2 files to fill values in a file,63,10651762,registered,https://lh3.googleusercontent.com/-JWzEdbdMVwg/AAAAAAAAAAI/AAAAAAAAAAA/ABtNlbCdwjukGRKMNTLI0Ge2FcKszuJ-Tg/mo/photo.jpg?sz=256,Lokkii9,https://stackoverflow.com/users/10651762/lokkii9,1653554920.0,None,None,None,2022-05-26
"pandas,python",True,29,None,1,0,1653546222,1653545620,72387479,CC BY-SA 4.0,https://stackoverflow.com/questions/72387479/searching-a-string-with-different-numbers,Searching a string with different numbers,1,5514339,registered,https://www.gravatar.com/avatar/c48d6cd3379cedb25cacf4c0b21ddfd1?s=256&d=identicon&r=PG&f=1,cylurian,https://stackoverflow.com/users/5514339/cylurian,1653545879.0,None,None,None,2022-05-26
"dataframe,pandas,python-3.x",True,24,72386585.0,2,0,1653538378,1653536589,72386443,CC BY-SA 4.0,https://stackoverflow.com/questions/72386443/check-if-multiple-columns-are-object-type,check if multiple columns are object type,337,11315276,registered,https://lh5.googleusercontent.com/-XkLMzK4iuQU/AAAAAAAAAAI/AAAAAAAAAAA/ACHi3rcRrUcmcIQTrBC7D5InZPbJr_1mjA/mo/photo.jpg?sz=256,ApacheOne,https://stackoverflow.com/users/11315276/apacheone,None,None,None,None,2022-05-26
"danfojs,dataframe-js,pandas",True,36,72407930.0,2,0,1653666215,1653531406,72385988,CC BY-SA 4.0,https://stackoverflow.com/questions/72385988/how-to-merge-complex-data-frames-in-pandas-dataframe-js-etc,How to merge complex data frames in pandas/dataframe-js/etc,280,3006169,registered,https://www.gravatar.com/avatar/d938ac98d86c7f4b938236b4731dc432?s=256&d=identicon&r=PG,Andr&#233;,https://stackoverflow.com/users/3006169/andr%c3%a9,None,None,None,None,2022-05-26
"dataframe,duplicates,pandas,python",True,26,72386010.0,1,0,1653532306,1653531222,72385968,CC BY-SA 4.0,https://stackoverflow.com/questions/72385968/detecting-duplicates-in-pandas-when-a-column-contains-lists,Detecting duplicates in pandas when a column contains lists,115,6417219,registered,https://i.stack.imgur.com/uBOou.jpg?s=256&g=1,BLT,https://stackoverflow.com/users/6417219/blt,1653532306.0,None,None,None,2022-05-26
"numpy,pandas,python",True,73,72409583.0,1,0,1654010107,1653523848,72385365,CC BY-SA 4.0,https://stackoverflow.com/questions/72385365/how-to-reshape-pandas-dataframe,How to reshape pandas DataFrame,19312,226473,registered,https://www.gravatar.com/avatar/f639c91d1fb06120d12e3169e532d441?s=256&d=identicon&r=PG,Ramy,https://stackoverflow.com/users/226473/ramy,1653600549.0,None,None,90.0,2022-05-26
"aggregate,aggregation,datetime,pandas,python",True,22,72399069.0,1,0,1653608175,1653607190,72398970,CC BY-SA 4.0,https://stackoverflow.com/questions/72398970/index-is-in-datetime64ns-but-still-get-typeerror-only-valid-with-datetimeinde,Index is in datetime64[ns] but still get TypeError: Only valid with DatetimeIndex,9,19210329,registered,https://www.gravatar.com/avatar/58b241995945490a3ee961e76c8bc946?s=256&d=identicon&r=PG,Fabio,https://stackoverflow.com/users/19210329/fabio,1653607265.0,None,None,None,2022-05-26
"dataframe,pandas,python",False,43,None,2,0,1653663716,1653606284,72398872,CC BY-SA 4.0,https://stackoverflow.com/questions/72398872/how-to-select-column-based-on-row-value-in-a-different-column,How to select column based on row value in a different column,107,12633460,registered,https://www.gravatar.com/avatar/efbca4660f2106222ddc5739d6bfc831?s=256&d=identicon&r=PG&f=1,PKV,https://stackoverflow.com/users/12633460/pkv,None,None,None,None,2022-05-26
"dataframe,import,pandas,python",False,28,None,2,0,1653605462,1653605005,72398740,None,https://stackoverflow.com/questions/72398740/having-a-unicodedecodeerror-utf-8-codec-cant-decode-byte-0xa0-in-position-2,having a {UnicodeDecodeError: &#39;utf-8&#39; codec can&#39;t decode byte 0xa0 in position 2961: invalid start byte} when i try to import csv dataset into pandas,51,17184061,registered,https://www.gravatar.com/avatar/45be5336ae6a1881d22a0bdba888d474?s=256&d=identicon&r=PG,The_Data_Guy,https://stackoverflow.com/users/17184061/the-data-guy,None,1653605577.0,Duplicate,None,2022-05-26
"dataframe,matplotlib,numpy,pandas,python",True,28,72399661.0,1,0,1653616158,1653604631,72398687,CC BY-SA 4.0,https://stackoverflow.com/questions/72398687/placing-subplots-in-matplotlib-with-occupying-different-column-and-row-sizes,Placing Subplots in Matplotlib with Occupying Different column and row sizes,3,19192612,registered,https://lh3.googleusercontent.com/a/AATXAJy9f7-WiHYHXrBtsLZAqKixDwGyFGodhDnPsLTj=k-s256,ere erer,https://stackoverflow.com/users/19192612/ere-erer,1653608136.0,None,None,None,2022-05-26
"data-transform,pandas,python-3.x",True,25,72398658.0,1,0,1653932528,1653603728,72398581,CC BY-SA 4.0,https://stackoverflow.com/questions/72398581/how-to-add-columns-for-each-classification-that-contains-values-in-a-list,How to add column(s) for each classification that contains values in a list,87,9624403,registered,https://graph.facebook.com/2096443197050201/picture?type=large,Eoin Vaughan,https://stackoverflow.com/users/9624403/eoin-vaughan,1653605115.0,None,None,None,2022-05-26
"attributeerror,dataframe,h2o,pandas",False,21,None,1,0,1653642629,1653603067,72398521,CC BY-SA 4.0,https://stackoverflow.com/questions/72398521/why-do-i-receive-attribute-error-when-i-try-to-convert-pandas-df-to-h2o-df,Why do I receive Attribute error when I try to convert pandas df to H2O df?,163,18499643,registered,https://lh3.googleusercontent.com/a/AATXAJwgrAt2WPX1Yh7wmQIC5IU-8iOXztoNZ3SWMgCh=k-s256,Joe Tha,https://stackoverflow.com/users/18499643/joe-tha,None,None,None,None,2022-05-26
"dataframe,date,pandas,python",True,29,72398472.0,2,0,1653604690,1653601360,72398324,CC BY-SA 4.0,https://stackoverflow.com/questions/72398324/how-to-get-a-new-column-count-number-of-time-appear-of-a-date,How to get a new column count number of time appear of a date,3,19209926,registered,https://lh6.googleusercontent.com/-sK47wf715JE/AAAAAAAAAAI/AAAAAAAAAAA/AMZuuclOL8ZIIUlHxpLfxLwsVxypzmTH0A/photo.jpg?sz=256,Chen Bao,https://stackoverflow.com/users/19209926/chen-bao,None,None,None,None,2022-05-26
"csv,loops,pandas,python,python-3.x",True,35,72398429.0,1,0,1653602862,1653600460,72398193,CC BY-SA 4.0,https://stackoverflow.com/questions/72398193/modify-all-files-in-directory-using-python-loop,Modify all files in directory using Python (Loop),25,19077799,registered,https://lh3.googleusercontent.com/a/AATXAJxC4Se84S4ysSrAwB0ZOX7HwJT9VyH4MDv2i75Z=k-s256,Kamilminiprogramer,https://stackoverflow.com/users/19077799/kamilminiprogramer,None,None,None,None,2022-05-26
"dataframe,pandas,pandas-groupby",False,36,None,3,0,1653600276,1653599142,72398001,CC BY-SA 4.0,https://stackoverflow.com/questions/72398001/groupby-transpose-and-flatten-rows-in-pandas,"GroupBy, Transpose, and flatten rows in Pandas",1,19207679,registered,https://www.gravatar.com/avatar/07e6a97e9b2a6585c88f4e2d349e7c42?s=256&d=identicon&r=PG,PeterPan,https://stackoverflow.com/users/19207679/peterpan,1653599605.0,None,None,None,2022-05-26
"dataframe,matplotlib,pandas,python",False,47,None,1,0,1653815209,1653596165,72397579,CC BY-SA 4.0,https://stackoverflow.com/questions/72397579/plot-gets-really-small-after-adding-text,Plot gets really small after adding text,1,19209395,registered,https://graph.facebook.com/1733361680339446/picture?type=large,larsje99,https://stackoverflow.com/users/19209395/larsje99,None,None,None,None,2022-05-26
"analysis,data-analysis,dataframe,pandas,python",False,46,None,0,0,1653597429,1653595588,72397474,CC BY-SA 4.0,https://stackoverflow.com/questions/72397474/how-do-i-fix-keyerror-in-python,How do i fix keyerror in python,1,19209485,registered,https://lh3.googleusercontent.com/a-/AOh14Gg8Tb9sHE1c1kZf9ppDTtP5KG7j_dGUsq_lbC1E=k-s256,srn,https://stackoverflow.com/users/19209485/srn,1653597429.0,None,None,None,2022-05-26
"dataframe,decimal,pandas,python,replace",True,50,72397708.0,2,0,1653600160,1653595453,72397451,CC BY-SA 4.0,https://stackoverflow.com/questions/72397451/replace-decimals-in-floating-point-numbers,Replace decimals in floating point numbers,17,19108402,registered,https://lh3.googleusercontent.com/a-/AOh14GgEeHX58M1FD30daZNID5U8e2eJhmxkziqW6NrHdA=k-s256,Iris Jacobs,https://stackoverflow.com/users/19108402/iris-jacobs,1653596991.0,None,None,None,2022-05-26
"pandas,python-3.x,python-os",False,21,None,2,0,1653597353,1653595016,72397380,CC BY-SA 4.0,https://stackoverflow.com/questions/72397380/how-would-i-set-the-name-of-a-csv-as-column-in-dataframe,How would I set the name of a csv as column in dataframe,125,14847960,registered,https://www.gravatar.com/avatar/0b89cef78621a5c805771f023cb93771?s=256&d=identicon&r=PG&f=1,birdman,https://stackoverflow.com/users/14847960/birdman,1653597008.0,None,None,None,2022-05-26
"pandas,python",False,22,None,1,0,1653592765,1653592519,72396909,CC BY-SA 4.0,https://stackoverflow.com/questions/72396909/how-to-filter-dataframe-by-amount-of-of-rows-in-column,How to filter dataframe by amount of of rows in column,1,17482629,registered,https://lh3.googleusercontent.com/a-/AOh14GgIo-eNGgG7py7pVeahEXZH6ON1-047ouVQ7vFqnw=k-s256,Руслан Пилипюк,https://stackoverflow.com/users/17482629/%d0%a0%d1%83%d1%81%d0%bb%d0%b0%d0%bd-%d0%9f%d0%b8%d0%bb%d0%b8%d0%bf%d1%8e%d0%ba,None,None,None,None,2022-05-26
"aws-databricks,pandas,pyspark,python",False,17,None,0,0,1653634053,1653592225,72396868,CC BY-SA 4.0,https://stackoverflow.com/questions/72396868/how-to-add-single-filtered-column-dataframe-to-main-dataframe-in-pyspark-or-fast,how to add single filtered column dataframe to main dataframe in pyspark or fastest way to perform joins in pyspark,1,19207307,registered,https://lh3.googleusercontent.com/a-/AOh14Gi73L80nvmSewXzZjh1kf7tVi5rsq0cCCA3LFUp=k-s256,sajeev kumar,https://stackoverflow.com/users/19207307/sajeev-kumar,1653634053.0,None,None,None,2022-05-26
"dataframe,pandas,python",True,26,72397014.0,2,0,1653596061,1653592150,72396854,CC BY-SA 4.0,https://stackoverflow.com/questions/72396854/how-do-i-add-a-header-into-a-dataframe-without-removing-the-first-row,How do I add a header into a DataFrame without removing the first row?,7,19198939,registered,https://www.gravatar.com/avatar/184d00d368cbd02e5d3bacfb9170866e?s=256&d=identicon&r=PG,Jo&#227;o Pedro,https://stackoverflow.com/users/19198939/jo%c3%a3o-pedro,None,None,None,None,2022-05-26
"dataframe,fastparquet,pandas,parquet,python",False,26,None,0,0,1653591642,1653591642,72396759,CC BY-SA 4.0,https://stackoverflow.com/questions/72396759/error-reported-when-saving-dataframe-with-date-as-object-into-a-parquet-file,Error reported when saving dataframe with date as object into a parquet file,159,11512576,registered,https://www.gravatar.com/avatar/b48ef54108d77acb50f3e5186bced1be?s=256&d=identicon&r=PG&f=1,Harry,https://stackoverflow.com/users/11512576/harry,None,None,None,None,2022-05-26
"numpy,pandas,python",False,25,None,1,0,1653636829,1653591426,72396721,CC BY-SA 4.0,https://stackoverflow.com/questions/72396721/how-to-concat-df-with-for-loops,How to concat df with for loops,1,16749667,registered,https://lh3.googleusercontent.com/a-/AOh14GiPUD1jDkX66YrcWUNFJKNXdOW1pETMvwU-q9sfyg=k-s256,Patrizio Iezzi,https://stackoverflow.com/users/16749667/patrizio-iezzi,1653636829.0,None,None,None,2022-05-26
"dataframe,pandas,python",True,23,72396469.0,2,0,1653592170,1653589436,72396399,CC BY-SA 4.0,https://stackoverflow.com/questions/72396399/dataframe-conditional-replacement-with-intigers,Dataframe conditional replacement with intigers,33,10999967,registered,https://lh4.googleusercontent.com/-0GHoI1l4RuA/AAAAAAAAAAI/AAAAAAAABo8/fmzzLH7T4CA/photo.jpg?sz=256,bharath kumar,https://stackoverflow.com/users/10999967/bharath-kumar,1653589737.0,None,None,None,2022-05-26
"pandas,python,txt",False,62,None,1,0,1653591027,1653588408,72396216,CC BY-SA 4.0,https://stackoverflow.com/questions/72396216/how-to-extract-column-names-from-txt-file-properly,How to extract column names from .txt file properly,1,19208608,registered,https://lh3.googleusercontent.com/a/AATXAJzFnDIbLWbk4zewYhfQeAcs5oewN8UEseti4Y6_=k-s256,Nihad Huseynov,https://stackoverflow.com/users/19208608/nihad-huseynov,1653589230.0,None,None,None,2022-05-26
"apply,pandas,python,warnings",False,43,None,0,0,1653590611,1653586733,72395914,CC BY-SA 4.0,https://stackoverflow.com/questions/72395914/python-how-to-change-and-apply-function-into-a-loc-function,Python: How to change and .apply function into a .loc function,257,4889002,registered,https://i.stack.imgur.com/QU9TB.jpg?s=256&g=1,Sa&#239;d Maanan,https://stackoverflow.com/users/4889002/sa%c3%afd-maanan,1653590611.0,None,None,None,2022-05-26
"attributes,pandas,python,xml,xml-parsing",True,51,72396074.0,3,0,1653932554,1653586500,72395867,CC BY-SA 4.0,https://stackoverflow.com/questions/72395867/im-trying-to-get-contents-of-xml-into-a-pandas-dataframe-with-values-of-attrib,"I&#39;m trying to get contents of xml into a pandas dataframe, with values of attributes of element in column along with text content of its child element",3,19208478,registered,https://lh3.googleusercontent.com/a-/AOh14Gioj2Iym0qcBt86gR-W-_jWzj39LezhLerESFe_FA=k-s256,srinath reddy,https://stackoverflow.com/users/19208478/srinath-reddy,1653703506.0,None,None,None,2022-05-26
"csv,dataframe,multi-index,pandas,python",False,24,None,0,0,1653585889,1653585889,72395753,CC BY-SA 4.0,https://stackoverflow.com/questions/72395753/pandas-read-csv-does-not-read-empty-multiindex-file,pandas `read_csv` does not read empty Multiindex file,569,12336422,registered,https://i.stack.imgur.com/yg8gd.png?s=256&g=1,sams-studio,https://stackoverflow.com/users/12336422/sams-studio,None,None,None,None,2022-05-26
"dataframe,initialization,pandas,python,series",False,43,None,2,0,1653597558,1653585613,72395708,CC BY-SA 4.0,https://stackoverflow.com/questions/72395708/how-do-i-create-a-dataframe-with-an-empty-pandas-series-in-a-column,How do I create a DataFrame with an empty pandas Series in a column?,1,7039309,registered,https://lh3.googleusercontent.com/-1iuGXTC604c/AAAAAAAAAAI/AAAAAAAAJV4/gH_b4ejwngg/photo.jpg?sz=256,Tyler Dalbora,https://stackoverflow.com/users/7039309/tyler-dalbora,None,None,None,None,2022-05-26
"k-means,pandas,python,scikit-learn",False,44,None,1,0,1653651908,1653585071,72395612,CC BY-SA 4.0,https://stackoverflow.com/questions/72395612/kmeans-cluster-with-multiple-columns-using-grouped-dataframe,KMeans cluster with multiple columns using grouped dataframe?,63,15702146,registered,https://www.gravatar.com/avatar/bdd2f83851acb15925264da0cde914e5?s=256&d=identicon&r=PG&f=1,gejyn14,https://stackoverflow.com/users/15702146/gejyn14,None,None,None,None,2022-05-26
"operating-system,pandas,python",False,18,None,1,0,1654115661,1653582703,72395103,CC BY-SA 4.0,https://stackoverflow.com/questions/72395103/move-file-after-creation-pypdf2-pandas-merge-write,"Move file after creation, PyPDF2, Pandas, merge.write",53,18820303,registered,https://i.stack.imgur.com/g8t4E.png?s=256&g=1,Chaotic.Python,https://stackoverflow.com/users/18820303/chaotic-python,1654115661.0,None,None,None,2022-05-26
"pandas,python",False,15,None,1,0,1653591321,1653581914,72394951,CC BY-SA 4.0,https://stackoverflow.com/questions/72394951/excel1-with-10-sheets-sorted-wrto-specific-column-loaded-data-to-excel2-ex,Excel(1) with 10 sheets sorted wrto specific column. Loaded data to excel(2). excel(2) has only 1 sheet which is last sheet of excel(1),1,16219735,registered,https://www.gravatar.com/avatar/b113f85342c2ef27cd275ada4adc142a?s=256&d=identicon&r=PG&f=1,Prashanth,https://stackoverflow.com/users/16219735/prashanth,1653582340.0,None,None,None,2022-05-26
"pandas,python",False,31,None,1,0,1653587351,1653581828,72394934,CC BY-SA 4.0,https://stackoverflow.com/questions/72394934/how-to-merge-two-tables-if-they-have-relation-one-to-many-in-python,How to merge two tables if they have relation one to many in python,19,18808414,registered,https://www.gravatar.com/avatar/a40daf5cd7da164f96d16d474a74e64e?s=256&d=identicon&r=PG,Ruslan Pylypyuk,https://stackoverflow.com/users/18808414/ruslan-pylypyuk,1653587351.0,None,None,None,2022-05-26
"dataframe,multi-index,pandas",False,23,None,0,0,1653580990,1653580291,72394601,CC BY-SA 4.0,https://stackoverflow.com/questions/72394601/how-to-split-a-dataframe-with-multi-index-with-one-column-into-multi-columns-wit,How to split a dataframe with multi-index with one column into multi-columns with specific row as index,1,19105151,registered,https://graph.facebook.com/10159576576369564/picture?type=large,Stanten Lee,https://stackoverflow.com/users/19105151/stanten-lee,1653580990.0,None,None,None,2022-05-26
"pandas,python",False,16,None,0,0,1653579857,1653579857,72394502,CC BY-SA 4.0,https://stackoverflow.com/questions/72394502/write-to-encrypted-excel-file-in-pandas,write to encrypted excel file in pandas,11,12824281,registered,https://lh4.googleusercontent.com/-WVsjbfGwJWw/AAAAAAAAAAI/AAAAAAAAAAA/ACHi3rdsTh2c4D_5bCiEe0LJclx9nGo3gQ/photo.jpg?sz=256,Abolfazl kiyani,https://stackoverflow.com/users/12824281/abolfazl-kiyani,None,None,None,None,2022-05-26
"group,pandas,python",False,21,None,0,0,1653580602,1653579238,72394363,None,https://stackoverflow.com/questions/72394363/pandas-datetime-type-disappears-after-grouping,"Pandas, Datetime type disappears after grouping",741,6830369,registered,https://i.stack.imgur.com/YC4wS.jpg?s=256&g=1,valenzio,https://stackoverflow.com/users/6830369/valenzio,1653580602.0,1653581492.0,Not suitable for this site,92.0,2022-05-26
"pandas,pandas-groupby,python",True,27,72394261.0,1,0,1653578820,1653578302,72394141,CC BY-SA 4.0,https://stackoverflow.com/questions/72394141/check-for-duplicate-rows-for-a-subset-of-columns-in-a-pandas-dataframegroupby-ob,Check for duplicate rows for a subset of columns in a Pandas DataFrameGroupBy object,25,4710828,registered,https://www.gravatar.com/avatar/ffcc0ba4897d067a9626b05ec8788595?s=256&d=identicon&r=PG&f=1,inferno,https://stackoverflow.com/users/4710828/inferno,None,None,None,None,2022-05-26
"pandas,python",True,59,72394160.0,4,0,1653645066,1653577872,72394043,CC BY-SA 4.0,https://stackoverflow.com/questions/72394043/how-to-eliminate-null-values-from-json,how to eliminate null values from json,400,5304058,registered,https://www.gravatar.com/avatar/412414fa169286d84d8a360ab7ee4de9?s=256&d=identicon&r=PG&f=1,chits,https://stackoverflow.com/users/5304058/chits,None,None,None,48.0,2022-05-26
"machine-learning,numpy,numpy-ndarray,pandas",False,26,None,0,0,1653577746,1653577746,72394009,CC BY-SA 4.0,https://stackoverflow.com/questions/72394009/merge-odd-columns-of-numpy-matrix-with-adjacent-even-columns,Merge odd columns of numpy matrix with adjacent even columns,23,19169850,registered,https://www.gravatar.com/avatar/5b3600f8916fa2b871d6a1e7efac9da3?s=256&d=identicon&r=PG,melolilili,https://stackoverflow.com/users/19169850/melolilili,None,None,None,None,2022-05-26
"dataframe,pandas,python",False,31,None,1,0,1653579777,1653577595,72393972,CC BY-SA 4.0,https://stackoverflow.com/questions/72393972/why-does-assignment-of-pd-dataframe-sort-values-not-work-inside-loop,Why does assignment of pd.DataFrame.sort_values() not work inside loop?,1,9268971,registered,https://www.gravatar.com/avatar/aa7b3f1eaddfc27d977d275eb220a051?s=256&d=identicon&r=PG&f=1,FabianH,https://stackoverflow.com/users/9268971/fabianh,1653579777.0,None,None,None,2022-05-26
"folium,geopandas,legend,pandas,python",False,21,None,0,0,1653575812,1653575812,72393558,CC BY-SA 4.0,https://stackoverflow.com/questions/72393558/add-branca-colormap-linearcolormap-to-an-folium-featuregroup,Add branca.colormap.LinearColormap to an folium.FeatureGroup?,181,3702200,registered,https://i.stack.imgur.com/LnrYN.jpg?s=256&g=1,Tobias S,https://stackoverflow.com/users/3702200/tobias-s,None,None,None,100.0,2022-05-26
"dataframe,pandas,pandas-groupby",True,32,72394620.0,1,0,1653580870,1653575785,72393549,CC BY-SA 4.0,https://stackoverflow.com/questions/72393549/pandas-groupby-integer-with-margin-of-error,Pandas Groupby integer with margin of error,1,19207364,registered,https://lh3.googleusercontent.com/a/AATXAJz0sil0peiNtkKsKkuqlRqmuqqvIi7XLa_AGiUs=k-s256,GDelavy,https://stackoverflow.com/users/19207364/gdelavy,1653577388.0,None,None,None,2022-05-26
"pandas,pandas-resample,python",False,23,None,1,0,1653577307,1653575683,72393523,CC BY-SA 4.0,https://stackoverflow.com/questions/72393523/indexingerror-when-using-custom-func-through-apply-on-resampled-object,IndexingError when using custom func through apply on resampled object,2375,5032387,registered,https://i.stack.imgur.com/iUzOl.jpg?s=256&g=1,matsuo_basho,https://stackoverflow.com/users/5032387/matsuo-basho,None,None,None,71.0,2022-05-26
"hierarchical-clustering,pandas,python",False,48,None,0,0,1653575566,1653575566,72393512,CC BY-SA 4.0,https://stackoverflow.com/questions/72393512/finding-the-minimum-and-maximum-value-in-pandas-dataframe-columns,Finding the minimum and maximum value in pandas dataframe columns,491,17939220,registered,https://lh3.googleusercontent.com/a/AATXAJwmDnf7yqPPSYul_G-IgsHvOMeNurOQu7CciE7y=k-s256,imhans4305,https://stackoverflow.com/users/17939220/imhans4305,None,None,None,None,2022-05-26
"pandas,python",False,38,None,0,0,1653575079,1653575079,72393399,CC BY-SA 4.0,https://stackoverflow.com/questions/72393399/i-am-trying-to-resample-per-hour-using-python,I am trying to resample per hour using Python,3,15838041,registered,https://www.gravatar.com/avatar/98f65ba5e0b4970bb285514d2bfc2fc5?s=256&d=identicon&r=PG&f=1,Kenswot,https://stackoverflow.com/users/15838041/kenswot,None,None,None,None,2022-05-26
"data-preprocessing,pandas,python,scikit-learn",False,33,None,1,0,1653670120,1653573956,72393145,CC BY-SA 4.0,https://stackoverflow.com/questions/72393145/how-to-use-sklearn-standardscaler-with-groupby,How to use sklearn StandardScaler with groupby?,63,15702146,registered,https://www.gravatar.com/avatar/bdd2f83851acb15925264da0cde914e5?s=256&d=identicon&r=PG&f=1,gejyn14,https://stackoverflow.com/users/15702146/gejyn14,None,None,None,None,2022-05-26
"dataframe,pandas,python",False,19,None,2,0,1653574980,1653573757,72393092,CC BY-SA 4.0,https://stackoverflow.com/questions/72393092/groupby-with-max-on-string-dtype-and-keep-all-columns,Groupby with max on string dtype and keep all columns,377,14380579,registered,https://lh6.googleusercontent.com/-5iBi8cd2jtw/AAAAAAAAAAI/AAAAAAAAObw/AMZuuclDmhrMD6LqLkhX5R8eT1aHpzBpsg/photo.jpg?sz=256,Aaron Wright,https://stackoverflow.com/users/14380579/aaron-wright,None,None,None,None,2022-05-26
"datetime,indexing,pandas,pyspark,python",False,18,None,1,0,1653572774,1653572459,72392807,CC BY-SA 4.0,https://stackoverflow.com/questions/72392807/create-time-index-of-integers-based-on-date-values-using-pyspark,Create time index of integers based on date values using Pyspark,53,18975804,registered,https://www.gravatar.com/avatar/200cbe438e6451230f9b1c916e85402c?s=256&d=identicon&r=PG&f=1,ranemak,https://stackoverflow.com/users/18975804/ranemak,None,None,None,None,2022-05-26
"pandas,python",False,36,None,1,0,1653602937,1653572356,72392780,None,https://stackoverflow.com/questions/72392780/is-there-a-way-to-name-a-new-data-frame-given-i-from-a-for-loop,Is there a way to name a new data frame given i from a for loop?,39,18737111,registered,https://www.gravatar.com/avatar/cbf9a48dc2d121b65267dcbf021a2605?s=256&d=identicon&r=PG&f=1,GT1992,https://stackoverflow.com/users/18737111/gt1992,None,1653574344.0,Duplicate,None,2022-05-26
"excel,html,pandas,python",False,29,None,0,0,1653591111,1653572096,72392694,CC BY-SA 4.0,https://stackoverflow.com/questions/72392694/open-excel-application-and-save-file-with-python,Open Excel Application and Save file with python,1,16168880,registered,https://www.gravatar.com/avatar/6f6fd4c3498caa29e08239f94e400497?s=256&d=identicon&r=PG&f=1,jones0207,https://stackoverflow.com/users/16168880/jones0207,1653591111.0,None,None,None,2022-05-26
"csv,dataframe,pandas,python",True,32,72392235.0,3,0,1653571036,1653569513,72392133,CC BY-SA 4.0,https://stackoverflow.com/questions/72392133/using-loc-to-categorize-data-and-iterate-over-a-dataframe-using-python-to-a-csv,Using .loc to categorize data and iterate over a dataframe using python to a CSV file,3,19206574,registered,https://www.gravatar.com/avatar/8434e8dfad967cd9329fa188fbfe078a?s=256&d=identicon&r=PG,punay,https://stackoverflow.com/users/19206574/punay,1653570498.0,None,None,None,2022-05-26
"dataframe,pandas,python,python-3.x",False,50,None,0,0,1653569423,1653569423,72392108,CC BY-SA 4.0,https://stackoverflow.com/questions/72392108/how-to-skip-not-null-values-in-dataframe-column,How to skip Not Null values in dataframe column,27,18532875,registered,https://www.gravatar.com/avatar/c4aa860b121236fdee03d5c0dd308b85?s=256&d=identicon&r=PG,Lana Stance,https://stackoverflow.com/users/18532875/lana-stance,None,None,None,None,2022-05-26
"dataframe,pandas,pdf,python",False,13,None,0,0,1653569292,1653569292,72392083,CC BY-SA 4.0,https://stackoverflow.com/questions/72392083/iterate-function-to-call-on-each-row-under-indicated-column-pandas-pdfreader,"Iterate function to call on each row under indicated column, pandas, pdfreader",53,18820303,registered,https://i.stack.imgur.com/g8t4E.png?s=256&g=1,Chaotic.Python,https://stackoverflow.com/users/18820303/chaotic-python,None,None,None,None,2022-05-26
"pandas,python",False,27,None,1,0,1653582215,1653569042,72392017,CC BY-SA 4.0,https://stackoverflow.com/questions/72392017/link-values-in-table-to-first-column-pandas,Link values in table to (first) column - pandas,79,10503948,registered,https://www.gravatar.com/avatar/fb8d5e8b6bcd1a9a9019eef8170e2f32?s=256&d=identicon&r=PG&f=1,Gerald,https://stackoverflow.com/users/10503948/gerald,1653570162.0,None,None,None,2022-05-26
"dataframe,indexing,pandas,python",True,35,72393370.0,1,0,1653574914,1653568268,72391853,CC BY-SA 4.0,https://stackoverflow.com/questions/72391853/pandas-indexing-searching-in-dataframes,"Pandas indexing, searching in dataframes",3,2849829,registered,https://www.gravatar.com/avatar/055acd462931d893daadecd42a65fc15?s=256&d=identicon&r=PG&f=1,rybomar,https://stackoverflow.com/users/2849829/rybomar,1653570802.0,None,None,None,2022-05-26
"pandas,postgresql,postgresql-9.3,sqlalchemy",False,33,None,0,0,1653567644,1653567407,72391681,CC BY-SA 4.0,https://stackoverflow.com/questions/72391681/how-to-load-a-dataframe-to-postgresql-14,How to load a dataframe to postgresql 14,13,19206397,registered,https://lh3.googleusercontent.com/a/AATXAJwuAxuJieZoIW_kpnJKYWJXB7IiUlyOk1_hGwoS=k-s256,The Legendary YELLOW,https://stackoverflow.com/users/19206397/the-legendary-yellow,1653567644.0,None,None,None,2022-05-26
"pandas,python",False,31,None,1,0,1653577492,1653566337,72391463,CC BY-SA 4.0,https://stackoverflow.com/questions/72391463/python-for-loop-and-store-output-of-column,Python For Loop and Store Output of Column,387,2812625,registered,https://www.gravatar.com/avatar/1b2f63adfc012bb02a0a63957bffe60a?s=256&d=identicon&r=PG&f=1,Tinkinc,https://stackoverflow.com/users/2812625/tinkinc,None,None,None,16.0,2022-05-26
"dataframe,pandas,python",False,8,None,0,0,1653566101,1653566101,72391409,CC BY-SA 4.0,https://stackoverflow.com/questions/72391409/how-to-read-the-data-as-python-pandas-data-from-mixed-row-indexed-excel-file-and,How to read the data as python pandas data from mixed row indexed excel file and do the required operarion?,77,2707200,registered,https://www.gravatar.com/avatar/822ac545e3a27fe9aa6fd976c23774c4?s=256&d=identicon&r=PG&f=1,thangaraj1980,https://stackoverflow.com/users/2707200/thangaraj1980,None,None,None,None,2022-05-26
"pandas,python-3.x",False,34,None,1,0,1653643069,1653565567,72391302,CC BY-SA 4.0,https://stackoverflow.com/questions/72391302/how-to-find-the-count-of-cell-value-and-no-of-last-continuous-by-pandas,how to find the count of cell value and no of last continuous by pandas,59,18553146,registered,https://lh3.googleusercontent.com/a/AATXAJylDBd3Uero4rh65lKYf2qcuzIy1Jswfv6orWfA=k-s256,Rati Goyal,https://stackoverflow.com/users/18553146/rati-goyal,None,None,None,None,2022-05-26
"pandas,python",False,30,None,1,0,1653567278,1653564507,72391087,CC BY-SA 4.0,https://stackoverflow.com/questions/72391087/how-to-exclude-rows-where-two-fileds-are-empty-or-null,How to exclude rows where two fileds are empty or null?,1,19206139,registered,https://www.gravatar.com/avatar/97cf458c0ef5f10374d8127f05d752ed?s=256&d=identicon&r=PG,Joseff,https://stackoverflow.com/users/19206139/joseff,1653567278.0,None,None,None,2022-05-26
"anaconda,jupyter-notebook,pandas,python",False,16,None,1,0,1653562849,1653562666,72390706,CC BY-SA 4.0,https://stackoverflow.com/questions/72390706/read-csv-not-defined-error-recurring-in-jupyter-notebook-while-loading-dataset-f,read_csv not defined error recurring in jupyter notebook while loading dataset from URL,1,19205783,registered,https://lh3.googleusercontent.com/a-/AOh14GiSZlopF_NrUzumEcNZiel2wKVdF7xHLCwRD-_wcA=k-s256,Anurodh Jha,https://stackoverflow.com/users/19205783/anurodh-jha,None,None,None,None,2022-05-26
"machine-learning,numpy,pandas,python,scikit-learn",False,27,None,0,0,1653561744,1653561744,72390522,CC BY-SA 4.0,https://stackoverflow.com/questions/72390522/creating-principal-components-for-each-column-of-a-numpy-matrix,Creating principal components for each column of a numpy matrix,23,19169850,registered,https://www.gravatar.com/avatar/5b3600f8916fa2b871d6a1e7efac9da3?s=256&d=identicon&r=PG,melolilili,https://stackoverflow.com/users/19169850/melolilili,None,None,None,None,2022-05-26
"pandas,python",False,11,None,0,0,1653561056,1653561056,72390390,None,https://stackoverflow.com/questions/72390390/how-to-convert-cells-into-columns-in-pandas-python,How to convert cells into columns in pandas? (python),948,10037034,registered,https://lh5.googleusercontent.com/-3uWGEEAh9Xg/AAAAAAAAAAI/AAAAAAAAAAc/AerrmoOrjqM/photo.jpg?sz=256,Sevval Kahraman,https://stackoverflow.com/users/10037034/sevval-kahraman,None,1653561103.0,Duplicate,None,2022-05-26
"pandas,plotly-dash,tableau-api",False,7,None,0,0,1653560932,1653560932,72390366,CC BY-SA 4.0,https://stackoverflow.com/questions/72390366/how-to-include-multiple-values-in-one-cell-in-plotly-dash-table,How to include multiple values in one cell in plotly dash table,13,9058056,registered,https://lh5.googleusercontent.com/-KuT9isxt2Xo/AAAAAAAAAAI/AAAAAAAAAhM/OZN9VirNl_U/photo.jpg?sz=256,abubakar ilyas,https://stackoverflow.com/users/9058056/abubakar-ilyas,None,None,None,None,2022-05-26
"data-science,dataframe,pandas,python,python-3.x",False,15,None,0,0,1653560287,1653560287,72390241,None,https://stackoverflow.com/questions/72390241/how-to-drop-all-rows-containing-a-specific-value-in-at-least-one-column-of-a-pan,How to drop all Rows containing a specific value in at least one Column of a Pandas DataFrame in Python 3?,474,13345744,registered,https://i.stack.imgur.com/XkD34.png?s=256&g=1,christophriepe,https://stackoverflow.com/users/13345744/christophriepe,None,1653560541.0,Duplicate,None,2022-05-26
"pandas,python",False,33,None,2,0,1653561769,1653559640,72390105,None,https://stackoverflow.com/questions/72390105/how-to-compare-two-cell-in-each-pandas-dataframe-row-and-set-result-in-new-cell,How to compare two cell in each pandas DataFrame row and set result in new cell in same row,1,19205524,registered,https://www.gravatar.com/avatar/7f578eae1ea80995e7ddb432bc04c95d?s=256&d=identicon&r=PG,Pavel,https://stackoverflow.com/users/19205524/pavel,1653559907.0,1653561496.0,Duplicate,None,2022-05-26
"dataframe,pandas,python",False,25,None,1,0,1653566854,1653558073,72389782,None,https://stackoverflow.com/questions/72389782/how-to-calculate-percentage-variation-between-two-values-in-same-one-column-in-p,how to calculate percentage variation between two values in same one column in pandas dataframe?,13,19205242,registered,https://lh3.googleusercontent.com/a/AATXAJzhHhs56FVxI_N3YmEniUmOcjBBJcpgleIfLLFe7VE=k-s256,Pietro Enea,https://stackoverflow.com/users/19205242/pietro-enea,1653566854.0,1653558672.0,Duplicate,None,2022-05-26
"linearmodels,pandas,python,quantile-regression,statsmodels",False,24,None,0,0,1653557870,1653557870,72389745,CC BY-SA 4.0,https://stackoverflow.com/questions/72389745/how-do-i-compare-regression-outputs-from-both-the-statsmodels-and-linearmodels-l,How do I compare regression outputs from both the statsmodels and linearmodels library? (Python),1,12786088,registered,https://www.gravatar.com/avatar/5512caa91b068d50195144d583f11c40?s=256&d=identicon&r=PG&f=1,Charles Valencia Evans,https://stackoverflow.com/users/12786088/charles-valencia-evans,None,None,None,None,2022-05-26
"multi-index,pandas,python",True,30,72392557.0,1,0,1653571423,1653556104,72389386,CC BY-SA 4.0,https://stackoverflow.com/questions/72389386/select-colums-in-pandas-multi-index-dataframe,Select colums in pandas multi index dataframe,1,17397381,registered,https://www.gravatar.com/avatar/ffedab2e2d07852f5096c300e6e72765?s=256&d=identicon&r=PG,db190coding,https://stackoverflow.com/users/17397381/db190coding,1653556251.0,None,None,None,2022-05-26
"pandas,python",False,10,None,0,0,1653554512,1653554512,72389092,None,https://stackoverflow.com/questions/72389092/pandas-apply-or-assign-method-to-compare-2-values-in-different-columns-then-fill,pandas apply or assign method to compare 2 values in different columns then fill in a value in one of the columns,1,17297070,registered,https://www.gravatar.com/avatar/deab2b4d74d3438e912c6e0337ce9cf3?s=256&d=identicon&r=PG&f=1,HerneS,https://stackoverflow.com/users/17297070/hernes,None,1653554643.0,Duplicate,None,2022-05-26
"data-cleaning,dataframe,exploratory-data-analysis,fillna,pandas",False,16,None,0,0,1653554875,1653554311,72389037,CC BY-SA 4.0,https://stackoverflow.com/questions/72389037/what-to-fill-for-null-values-of-object-string-datatype-with-some-random-texts-in,what to fill for null values of object/string datatype with some random texts in a dataframe,1,19204968,registered,https://lh3.googleusercontent.com/a-/AOh14GgFYaykD5wRt4eniFFcIZodx2rV86Gt0-SDp_dHrQ=k-s256,Vinayvst,https://stackoverflow.com/users/19204968/vinayvst,1653554875.0,None,None,None,2022-05-26
"pandas,prediction,python,regression,stat",False,17,None,0,0,1653554553,1653550972,72388407,CC BY-SA 4.0,https://stackoverflow.com/questions/72388407/regression-summary-in-python-is-not-giving-standard-error-of-regression-like-exc,Regression summary in python is not giving Standard error of Regression like excel,5,18814386,registered,https://lh3.googleusercontent.com/a/AATXAJy0QrbKndtyDQWyP5ROuQ9XMlPt-nvZtKqDUZHm=k-s256,PivotAl,https://stackoverflow.com/users/18814386/pivotal,1653554553.0,None,None,None,2022-05-26
"database,pandas,python,sqlalchemy",False,19,None,1,0,1653551425,1653550935,72388402,CC BY-SA 4.0,https://stackoverflow.com/questions/72388402/check-if-dataframe-satisfies-database-table-column-definitions,Check if dataframe satisfies database table column definitions,36,18225123,registered,https://www.gravatar.com/avatar/ce9df62eac25aeb987c874a89551fc89?s=256&d=identicon&r=PG,THI double C,https://stackoverflow.com/users/18225123/thi-double-c,None,None,None,None,2022-05-26
"clickhouse,clickhouse-client,pandas,python,sqlalchemy",False,32,None,1,0,1653668332,1653549941,72388246,CC BY-SA 4.0,https://stackoverflow.com/questions/72388246/hack-to-get-auth-to-work-error-default-authentication-failed-password-is-in,(Hack to get Auth to work) ERROR: default: Authentication failed: password is incorrect or there is no user with such name (clickhouse sqlalchemy),1,11531964,registered,https://lh4.googleusercontent.com/-f8IwlhPfH24/AAAAAAAAAAI/AAAAAAAAAxY/jdP4AuGojnk/photo.jpg?sz=256,Saurabh Dinesh Brahmankar,https://stackoverflow.com/users/11531964/saurabh-dinesh-brahmankar,None,None,None,None,2022-05-26
"dataframe,pandas,python",False,35,None,0,0,1653640383,1653549503,72388170,CC BY-SA 4.0,https://stackoverflow.com/questions/72388170/python-panda-valueerror,Python Panda valueError,1,7510662,registered,https://lh4.googleusercontent.com/-FzfqGP8S2Lw/AAAAAAAAAAI/AAAAAAAAAIk/WJv0FwJkK10/photo.jpg?sz=256,Jean-Baptiste Yamindi,https://stackoverflow.com/users/7510662/jean-baptiste-yamindi,1653640383.0,None,None,None,2022-05-26
"data-science,excel,pandas",True,20,72387928.0,1,0,1653548447,1653547528,72387804,None,https://stackoverflow.com/questions/72387804/i-am-unable-to-open-the-excel-file-with-pandas,"I am unable to open the excel file with pandas,",3,19204198,registered,https://www.gravatar.com/avatar/82227dc411d3ea0b40df4807111619a7?s=256&d=identicon&r=PG,Pinakss7,https://stackoverflow.com/users/19204198/pinakss7,None,1653549165.0,Duplicate,None,2022-05-26
"dataframe,dictionary,for-loop,pandas",False,10,None,0,0,1653545805,1653545230,72387411,None,https://stackoverflow.com/questions/72387411/with-for-loop-list-of-multiple-dictionary-convert-to-single-dataframe,with for loop list of Multiple dictionary convert to single DataFrame,1,19203652,registered,https://www.gravatar.com/avatar/9802a39e1b6b060089ec3748021f37d3?s=256&d=identicon&r=PG,Maxmellien,https://stackoverflow.com/users/19203652/maxmellien,1653545805.0,1653545985.0,Duplicate,None,2022-05-26
"grouping,pandas,python,timedelta",True,44,72388032.0,1,0,1653569592,1653545226,72387409,CC BY-SA 4.0,https://stackoverflow.com/questions/72387409/python-grouping-of-time-delta-values,Python: Grouping of time-delta values,27,15224345,registered,https://lh3.googleusercontent.com/-btd4qViYHo4/AAAAAAAAAAI/AAAAAAAAAAA/AAN31DXwe6UM3o_z9O5M9by_Ls_b0mlpJA/mo/photo.jpg?sz=256,Daniel ,https://stackoverflow.com/users/15224345/daniel,None,None,None,None,2022-05-26
"multiprocessing,pandas,python,python-3.x",False,55,None,1,0,1653608626,1653544597,72387317,CC BY-SA 4.0,https://stackoverflow.com/questions/72387317/parallelize-python-for-loop-on-pandas-dataframe-and-append-the-result,Parallelize python for loop on pandas dataframe and append the result,73,17786602,registered,https://www.gravatar.com/avatar/0faa9d56cf561e56aafcd1fa380c8ded?s=256&d=identicon&r=PG,user17786602,https://stackoverflow.com/users/17786602/user17786602,1653548311.0,None,None,None,2022-05-26
"dataframe,pandas,python",True,25,72387300.0,1,0,1653544466,1653544283,72387275,CC BY-SA 4.0,https://stackoverflow.com/questions/72387275/python-notnull-filter-nan-values,python notnull filter - nan values,3,18934252,registered,https://www.gravatar.com/avatar/1acfb2529d1edcebca15d08d3e1be86c?s=256&d=identicon&r=PG,am3487,https://stackoverflow.com/users/18934252/am3487,None,None,None,None,2022-05-26
"datetime,pandas,python",False,13,None,0,0,1653542665,1653542268,72387012,None,https://stackoverflow.com/questions/72387012/how-to-change-date-format-from-mm-dd-yyyy-to-yyyy-mm-dd-using-python-pandas,How to change date format from mm/dd/yyyy to yyyy-mm-dd using Python Pandas,3,16951011,registered,https://lh3.googleusercontent.com/a-/AOh14GjsmNKKWL9ziaLtXfmL1d_0En6kr7yhYl9alcZ7eQ=k-s256,Sudarshan Waman,https://stackoverflow.com/users/16951011/sudarshan-waman,1653542665.0,1653542360.0,Duplicate,None,2022-05-26
"excel,pandas,python",True,19,72387085.0,1,0,1653587981,1653541706,72386952,CC BY-SA 4.0,https://stackoverflow.com/questions/72386952/why-pandas-in-python-does-not-return-all-the-rows-from-excel-sheet,why pandas in python does not return all the rows from excel sheet?,3,12926352,registered,https://lh3.googleusercontent.com/a-/AAuE7mDPnxi-1ymcwMq2D_rQvl_MxgcrWiJPMN4ZhE-HSQ=k-s256,Vivek Kotegar,https://stackoverflow.com/users/12926352/vivek-kotegar,1653587981.0,None,None,None,2022-05-26
"duplicates,pandas,python,trading",False,32,None,1,0,1653570724,1653539910,72386757,CC BY-SA 4.0,https://stackoverflow.com/questions/72386757/dropping-duplicates-in-a-dataframe-row-whilst-keeping-first-occurence-in-sequenc,Dropping duplicates in a dataframe row whilst keeping first occurence in sequence,1,14180748,registered,https://www.gravatar.com/avatar/dcff811e9f5366849d50b4653c8558fb?s=256&d=identicon&r=PG&f=1,Liam Crough,https://stackoverflow.com/users/14180748/liam-crough,None,None,None,None,2022-05-26
"pandas,python,subplot",False,21,None,0,0,1653534729,1653533663,72386175,CC BY-SA 4.0,https://stackoverflow.com/questions/72386175/how-to-customize-each-subplot-individually-using-df-plot,How to customize each subplot individually using df.plot,11,18562015,registered,https://lh3.googleusercontent.com/a/AATXAJzkVTFsKx9SZmAw6VjUsv-MfC05ZTIwt2b4cc4Q=k-s256,adriano guimaraes,https://stackoverflow.com/users/18562015/adriano-guimaraes,1653534729.0,None,None,None,2022-05-26
"pandas,python",False,35,None,0,0,1653530402,1653530402,72385900,CC BY-SA 4.0,https://stackoverflow.com/questions/72385900/optionerror-no-such-keyss-io-excel-zip-reader,OptionError: &quot;No such keys(s): &#39;io.excel.zip.reader&#39;&quot;,1,18095353,registered,https://www.gravatar.com/avatar/dc034d0347ca0e06d2420291cafca660?s=256&d=identicon&r=PG,Syed,https://stackoverflow.com/users/18095353/syed,None,None,None,None,2022-05-26
"implicit-conversion,pandas,pivot-table,python",False,23,None,0,0,1653526685,1653526685,72385571,CC BY-SA 4.0,https://stackoverflow.com/questions/72385571/why-is-there-a-seemingly-random-conversion-of-floats-to-ints-with-aggregation-fu,Why is there a seemingly random conversion of floats to ints with aggregation functions,23,6228273,registered,https://www.gravatar.com/avatar/d08ee120a979e45cbaa3d4d4d1a282e9?s=256&d=identicon&r=PG&f=1,bop,https://stackoverflow.com/users/6228273/bop,None,None,None,None,2022-05-26
"concurrent.futures,jupyter-notebook,pandas,process-pool,python",False,42,None,1,0,1653556934,1653526099,72385535,CC BY-SA 4.0,https://stackoverflow.com/questions/72385535/how-to-generate-a-dataframe-from-the-results-of-a-concurrent-futures-processpool,How to generate a dataframe from the results of a concurrent.futures.ProcessPoolExecutor()?,1,12713630,registered,https://i.stack.imgur.com/Gsr7j.jpg?s=256&g=1,yellow-raven,https://stackoverflow.com/users/12713630/yellow-raven,1653529130.0,None,None,None,2022-05-26
"pandas,python,regex",True,46,72396921.0,3,-1,1653706664,1653592013,72396821,CC BY-SA 4.0,https://stackoverflow.com/questions/72396821/pandas-python-regex-find-all-words-that-begin-end-or-contain,"pandas python regex find all words that begin, end or contain &#39;",4890,2543622,registered,https://www.gravatar.com/avatar/9c20a1658db39998c589a874842c8e03?s=256&d=identicon&r=PG,user2543622,https://stackoverflow.com/users/2543622/user2543622,None,None,None,66.0,2022-05-26
"dataframe,numpy,pandas,python",True,52,None,2,-1,1653627304,1653546927,72387698,CC BY-SA 4.0,https://stackoverflow.com/questions/72387698/how-to-calculate-mean-cycle-wise-in-python,How to calculate mean cycle wise in python,9,13757926,registered,https://lh3.googleusercontent.com/a-/AOh14GivYKujSKKZyoGvesTBA3y-jm9jJ7IA2AoIKZeQ=k-s256,Jaswanth ksk,https://stackoverflow.com/users/13757926/jaswanth-ksk,1653548095.0,None,None,None,2022-05-26
"pandas,python",False,28,None,0,-1,1653605278,1653605242,72398766,None,https://stackoverflow.com/questions/72398766/how-can-i-use-rows-from-a-column-and-use-them-to-calculate-a-new-column-in-a-pan,How can I use rows from a column and use them to calculate a new column in a pandas dataframe?,1,19210240,registered,https://lh3.googleusercontent.com/a-/AOh14GhZ3b30zgxVwIm9LigyiDk7hAHN_nTSXQ4MnLVz=k-s256,Alexis Chavez,https://stackoverflow.com/users/19210240/alexis-chavez,1653605278.0,1653621862.0,Not suitable for this site,None,2022-05-26
"csv,pandas,python",False,22,None,1,-1,1653606857,1653604676,72398694,None,https://stackoverflow.com/questions/72398694/is-it-possible-to-save-a-string-variable-in-the-csv-format-as-a-python-dataframe,Is it possible to save a string variable in the csv format as a python dataframe WITHOUT first saving a csv?,1,19192001,registered,https://www.gravatar.com/avatar/697b0c4ac6c858fce518cdc8a67ef003?s=256&d=identicon&r=PG,kaufmane,https://stackoverflow.com/users/19192001/kaufmane,None,1653606841.0,Duplicate,None,2022-05-26
"dataframe,machine-learning,pandas,pandas-groupby,sklearn-pandas",False,16,None,0,-1,1653593594,1653593594,72397116,None,https://stackoverflow.com/questions/72397116/remove-only-one-feature-from-a-column-in-pandas-which-has-numerous-feature,Remove only one feature from a column in pandas which has numerous feature,107,14747932,registered,https://i.stack.imgur.com/HhcMp.jpg?s=256&g=1,Kavach Dheer,https://stackoverflow.com/users/14747932/kavach-dheer,None,1653594630.0,Duplicate,None,2022-05-26
"pandas,python",False,26,None,0,-1,1653583304,1653582446,72395055,CC BY-SA 4.0,https://stackoverflow.com/questions/72395055/adding-missing-rows-in-dataframe-first-column-not-index,"Adding missing rows in dataframe (first column, not index)",79,10503948,registered,https://www.gravatar.com/avatar/fb8d5e8b6bcd1a9a9019eef8170e2f32?s=256&d=identicon&r=PG&f=1,Gerald,https://stackoverflow.com/users/10503948/gerald,None,None,None,None,2022-05-26
"pandas,pyodbc,python,sql-insert,text-files",False,37,None,0,-1,1653578304,1653577529,72393963,CC BY-SA 4.0,https://stackoverflow.com/questions/72393963/python-sql-server-pyodbc-insert-query-failing-incorrect-syntax-near-the,Python - SQL Server - PYODBC - Insert Query Failing - Incorrect syntax near the keyword &#39;VALUES&#39;,1,19161399,registered,https://www.gravatar.com/avatar/768318c5ac7e4bd08712d31e42f7264c?s=256&d=identicon&r=PG,Ankiz,https://stackoverflow.com/users/19161399/ankiz,1653578304.0,None,None,None,2022-05-26
"machine-learning,pandas,python,scikit-learn,train-test-split",True,38,72393808.0,1,-1,1653577947,1653574363,72393235,CC BY-SA 4.0,https://stackoverflow.com/questions/72393235/is-there-a-way-to-remove-some-rows-in-the-training-set-based-on-values-in-anothe,Is there a way to remove some rows in the training set based on values in another column,67,12288279,registered,https://www.gravatar.com/avatar/a45ec17df87b2f235b5d29aa039f30a4?s=256&d=identicon&r=PG&f=1,MohammedE,https://stackoverflow.com/users/12288279/mohammede,1653574831.0,None,None,None,2022-05-26
"dataframe,pandas,python",False,25,None,1,-1,1653574372,1653573980,72393149,CC BY-SA 4.0,https://stackoverflow.com/questions/72393149/fastet-way-to-create-a-new-dataframe-from-two-diffrenet-dataframes-with-diffrene,Fastet way to create a new dataframe from two diffrenet dataframes with diffrenet sizes while perserving duplicates,173,3546240,registered,https://graph.facebook.com/1564402586/picture?type=large,Sina,https://stackoverflow.com/users/3546240/sina,None,None,None,85.0,2022-05-26
"date,datetime,pandas,python",False,18,None,0,-1,1653556443,1653556443,72389452,None,https://stackoverflow.com/questions/72389452/python-convert-from-int-to-datetime-but-conversion-result-all-rows-are-1970-yea,"Python convert from int to datetime, but conversion result all rows are 1970 years only",45,13123580,registered,https://lh6.googleusercontent.com/-jcSVpx_16W0/AAAAAAAAAAI/AAAAAAAAAAA/AKF05nDJ45jkUT83Gkd0JHzMUrNpF1jRsg/photo.jpg?sz=256,Peter,https://stackoverflow.com/users/13123580/peter,None,1653556593.0,Duplicate,None,2022-05-26
"dataframe,for-loop,pandas,python",False,26,None,2,-1,1653603807,1653555057,72389186,CC BY-SA 4.0,https://stackoverflow.com/questions/72389186/pandas-loc-doesnt-change-every-column-value-in-given-range,pandas loc doesn&#39;t change every column value in given range,41,16163887,registered,https://www.gravatar.com/avatar/babb7aa4f23c7017d0f39bf61a5e1162?s=256&d=identicon&r=PG&f=1,LGF,https://stackoverflow.com/users/16163887/lgf,1653557614.0,None,None,None,2022-05-26
"coordinates,dataframe,indexing,pandas,python",False,20,None,1,-1,1653557350,1653545642,72387482,CC BY-SA 4.0,https://stackoverflow.com/questions/72387482/how-can-i-reindex-my-coordinate-database,&quot;how can i reindex my coordinate database?&quot;,1,14706919,registered,https://lh3.googleusercontent.com/a-/AAuE7mCtHasaqPJ-15jgz2XKySw3GVfFXYtZ55Pa4KCv=k-s256,Reza naimaee,https://stackoverflow.com/users/14706919/reza-naimaee,None,None,None,None,2022-05-26
"csv,pandas,python",True,52,72387811.0,2,-1,1653547579,1653543453,72387169,CC BY-SA 4.0,https://stackoverflow.com/questions/72387169/how-to-drop-rows-from-a-dataframe-based-on-condition-in-python,How to drop rows from a dataframe based on condition in python?,3,14411187,registered,https://lh6.googleusercontent.com/-RnIC3rBLOH0/AAAAAAAAAAI/AAAAAAAAAAA/AMZuuck1ASfaJuFVbCeIzU_zQdbBSkq_Mw/s96-c/photo.jpg?sz=256,aditya srinevas,https://stackoverflow.com/users/14411187/aditya-srinevas,1653543966.0,None,None,None,2022-05-26
"dataframe,pandas",False,15,None,0,-1,1653534818,1653534818,72386274,CC BY-SA 4.0,https://stackoverflow.com/questions/72386274/how-to-get-the-specific-column-name-from-a-dataframe-column,How to get the specific column name from a dataframe column,19,15217462,registered,https://www.gravatar.com/avatar/c57c07578e336a713d392f337ac5712e?s=256&d=identicon&r=PG&f=1,octaviodiego78,https://stackoverflow.com/users/15217462/octaviodiego78,None,None,None,None,2022-05-26
"pandas,python",False,34,None,0,-1,1653557967,1653533996,72386208,None,https://stackoverflow.com/questions/72386208/pandas-column-dropsimple-coating,pandas column drop(Simple coating),1,19202970,registered,https://lh3.googleusercontent.com/a-/AOh14Gh8dKfgMjDivUE11xM4Nm6V_8eFGwm47FIwEfakxw=k-s256,직장인,https://stackoverflow.com/users/19202970/%ec%a7%81%ec%9e%a5%ec%9d%b8,1653557967.0,1653571048.0,Needs details or clarity,None,2022-05-26
"csv,dataframe,merge,pandas,python",False,24,None,0,-1,1653527934,1653527934,72385666,CC BY-SA 4.0,https://stackoverflow.com/questions/72385666/my-loop-only-records-the-last-iteration-also-how-to-make-a-proper-merge-in-a-d,"My loop only records the last iteration, also, how to make a proper merge in a dataframe?",29,15896789,registered,https://lh3.googleusercontent.com/a-/AOh14GjPZnm2mzaki0VRaDHx9NQlzpi7BvyfYsL2MiWJ_tc=k-s256,Daniele Ingredy,https://stackoverflow.com/users/15896789/daniele-ingredy,None,None,None,None,2022-05-26
"json,pandas,python",False,34,None,0,-1,1653527368,1653527368,72385615,CC BY-SA 4.0,https://stackoverflow.com/questions/72385615/how-to-efficiently-access-large-volume-of-json-api-data-in-nested-lists-and-dict,How to efficiently access large volume of json/API data in nested lists and dictionaries for search and retrieval,1,18435967,registered,https://lh3.googleusercontent.com/a/AATXAJzSzEHDXZlDDo0iWLaOwlGbajAvrhjoCPYgPnBQ=k-s256,NEW,https://stackoverflow.com/users/18435967/new,None,None,None,None,2022-05-26
"excel,pandas,python",False,39,None,0,-2,1653663142,1653598743,72397952,CC BY-SA 4.0,https://stackoverflow.com/questions/72397952/how-to-combine-two-data-frames-using-column-values-in-pandas,How to combine two data frames using column values in pandas?,1,19209754,registered,https://www.gravatar.com/avatar/9ace0bd4c5de915cced0885ffa000c30?s=256&d=identicon&r=PG,erin_vee,https://stackoverflow.com/users/19209754/erin-vee,1653663142.0,None,None,None,2022-05-26
"loops,pandas,python",False,20,None,1,-2,1653592792,1653591817,72396784,CC BY-SA 4.0,https://stackoverflow.com/questions/72396784/replacing-values-with-column-headers-using-a-for-loop-and-condition-with-pandas,Replacing Values With Column Headers Using a For Loop and Condition With Pandas,1,19209163,registered,https://www.gravatar.com/avatar/1cba08d369ab3a35c1c3e3ec4bf04d0f?s=256&d=identicon&r=PG,Annapolis_20,https://stackoverflow.com/users/19209163/annapolis-20,1653591886.0,None,None,None,2022-05-26
"dataframe,pandas,python",False,21,None,0,-2,1653577517,1653577517,72393960,CC BY-SA 4.0,https://stackoverflow.com/questions/72393960/how-will-i-do-pandas-dataframe,how will I do? pandas dataframe,1,19146360,registered,https://lh3.googleusercontent.com/a-/AOh14GhnCG3mrdHAzA4XGoj8AD2cz6LAdxpjRBv1gW78ILw=k-s256,Sude Yılmaz,https://stackoverflow.com/users/19146360/sude-y%c4%b1lmaz,None,None,None,None,2022-05-26
"dataframe,pandas,python,python-3.x",True,37,72391521.0,1,-2,1653569326,1653556318,72389422,CC BY-SA 4.0,https://stackoverflow.com/questions/72389422/how-to-convert-unknown-format-strings-to-time-in-python,how to Convert “unknown format” strings to time in Python,3,17851622,registered,https://lh3.googleusercontent.com/a-/AOh14Gi9t12VcBHkTkasBfvCNCbIVt2zAQCXGF--2OTebw=k-s256,Mahmoud Badr,https://stackoverflow.com/users/17851622/mahmoud-badr,1653567982.0,None,None,None,2022-05-26
"pandas,python",True,20,72386134.0,1,-2,1653533140,1653530177,72385869,None,https://stackoverflow.com/questions/72385869/what-is-the-meaning-of-this-asterisk-python-pandas-100-question-trying-str-con,What is the meaning of this asterisk? Python Pandas 100 question trying. str.contaubs,13,19202743,registered,https://www.gravatar.com/avatar/71b761001a68eacf2299caa0d4acde21?s=256&d=identicon&r=PG,esabo,https://stackoverflow.com/users/19202743/esabo,None,1653533250.0,Duplicate,None,2022-05-26
"excel,pandas,python",False,18,None,0,-4,1653568668,1653568668,72391942,None,https://stackoverflow.com/questions/72391942/pandas-excel-formatting,Pandas - excel formatting,183,11266889,registered,https://www.gravatar.com/avatar/7aa11bd7bf29f62326e8e0e082214ab4?s=256&d=identicon&r=PG&f=1,pipikej,https://stackoverflow.com/users/11266889/pipikej,None,1653640675.0,Needs more focus,None,2022-05-26
